pumpid,1,2,3,4,5,6,7,8,9,10,11,12,13,14,15,16,17,18,19,20,21,22,23,24,25,26,27,28,29,30,31,32,33,34,35,36,37,38,39,40,41,42,43,44,45,46,47,48,49,50,51,52
A/01/09,34878.666666666664,29061.666666666668,28722.4,NA,NA,31372.6,26334,29757,29830,31518.666666666668,33934.6,34036,29715,31041,26912.2,31538.5,35885.5,30584.4,17510.5,19615.4,20243,26957,24419.5,21245,24101,17235.75,22624,25999.75,23686.833333333332,26337.5,23226,25462.5,27870.5,28256.666666666668,31507,24779,29426,30072,32009.833333333332,34800,28124.833333333332,27791,31557.166666666668,29106,33278,29164.333333333332,34955,42021,37545.2,37020.666666666664,42294,30506
A/01/11,4207,115,194.25,NA,NA,10164,12522,10299,12130,15545,12820,10544,10455,8926,7861,6064,6480.25,6415,3759,5654,3639,5554,6077,5983,7378,4076,5972,6538,6377,11068,7167,7653,5723,9863,11154,7803,14440,17792,12562,16411,9217,10644,19254,15934,9252,10858.75,21289,26725,17139,21592,30459,26523
A/01/12,127.75,4338,NA,NA,NA,6851.833333333333,8047,7311,9791,10684,12223,10455,8318,7090,6706,478,343,397,3259,3449,1237,2625,2571,3085,4404.4,2345,936,891,1375,942,1144,3254,488,415.3333333333333,80,2575,4576,5527,4915,3450,3393,4904,4343,7722,2699,1715,438,494,1307,921,949,403
A/01/14,11506.25,15220,16341,17487,16820,16158,19455,16392,15746,15854,13783,15998,15676,19727,13305,11545,11984,11679,10004,10040,10607,13295,13534,16607,21810.6,12119,15315,10968,11307,11035,10226,12872,11170,10472,13143,12486,15106,14531,14360,14158,12034,12733,14502.833333333334,17152,11272,12232,17423,17292,15188,15732,16249,16670
A/01/15,4853.333333333333,4928,6652,6774,NA,6717.666666666667,4896,4452,6443,6252,3044,1,1,2,1,1,5.25,1,3,0,1,3,3,0,0,576,1656,1533,1285,1826,1088,1705,2574,3049.6666666666665,3097,1863,2119,2043,3479,2962,2754,2755,3119,2861,2408,2142,2710,3086,3002,1797,1771,2264
A/02/09,12149.666666666666,12411,NA,NA,NA,18210.5,17742,20620,26896.333333333332,14241,12824,12289,13291.833333333334,14246,11314,11860.333333333334,10435.25,9233,7115,5645.5,6164,7528,7878.5,7124.833333333333,8080.8,6308.166666666667,7689,8615.833333333334,8950,9152,8060.5,8394.4,10115,10045,10181,11745,9614,12012,13624,15314.833333333334,10621,11110,12944,12825,8985.666666666666,11240.833333333334,13892,14517,10300,11928,11488,13323
A/02/11,18071.666666666668,18757,17594.5,NA,NA,17936.333333333332,18822,19819,17891,17880,16167,15415,15243,15659,16406,17341,17963.75,15327,10222.333333333334,11468,9455,11510,11884,12535,13647.2,9762,13500,12329,13848,16771,11177,12701,10089,12555.666666666666,15051,13546,16284.8,17529,17221,21714,17328,18313,22457,21564,16031,18018,23606,27494,21870,20531,25647,25455
A/02/12,17740.333333333332,20990,20821,NA,NA,25389,22397,24607,24536,22797,18600,21890,19962,17786,8858,12859,17517.5,16973,8427,13267,11603,18162,16664,15232,18034.8,9442,16336,16243,17566,19715,14115,17677,18033,15318.333333333334,22519,20206,22997.333333333332,23551,23897,28470,20332,23906,25349,31710,20504,22218,25688,35175,25574,32085,34479,33050
A/02/13,11281.666666666666,10278,10733,9552.666666666666,NA,11631.666666666666,10995,11551,9892,9889,10250,9943,10038,10180,9070,8498,9101.75,7401,4856,5395,4861,6180,5685,5600,6151.833333333333,4569,6789,6018,5898,7304,5160,6255,6656,6885.666666666667,6792,6747,6594,6736,7414,8141,7602,9601,14274,9855,9741,10256.4,9301,8912,7730,8538,9744,8832
A/02/14,NA,NA,NA,NA,NA,NA,NA,NA,NA,NA,NA,NA,NA,NA,NA,NA,NA,NA,NA,NA,NA,NA,NA,NA,NA,NA,NA,NA,NA,NA,NA,NA,NA,NA,NA,NA,NA,NA,NA,NA,NA,NA,NA,NA,NA,NA,NA,NA,NA,NA,NA,NA
A/02/15,NA,NA,NA,NA,NA,NA,NA,9905,NA,NA,NA,NA,NA,NA,NA,NA,NA,NA,NA,NA,NA,NA,NA,NA,NA,NA,NA,NA,NA,NA,NA,NA,NA,NA,NA,NA,NA,NA,NA,NA,NA,NA,NA,NA,NA,NA,NA,NA,NA,NA,NA,7458.5
A/02/26,NA,NA,NA,NA,NA,9814,6784,7336,8168,7775,9273,5964,5713,6002,5384,5636,6335,5188,4739,5491,5256,6381,6783,6707,7574,5187,6764,6152,6911,8195,7634,7088,10932,12099.5,10311,8024,7714,6759,7808,6902,5531,5774,5385,5908,5268,5793,7261,6568,5137,9280,6785,7106
A/02/27,NA,NA,NA,NA,NA,NA,NA,NA,NA,NA,NA,NA,NA,NA,NA,NA,NA,NA,NA,NA,NA,NA,NA,NA,NA,NA,NA,NA,NA,NA,NA,NA,NA,NA,NA,NA,NA,NA,NA,NA,NA,NA,NA,NA,NA,NA,NA,NA,NA,NA,NA,NA
A/03/09,13303.5,14682.5,13930,NA,NA,10405.5,10476,10752,11315.5,9791.833333333334,9273.6,9131,10194,8764,6095,5515,7759.5,6468,4104,5070.8,4849,7241,6818,5375,8930.6,4416,6908,7392,7253,7316,6117,8123,8910,6897.333333333333,8389.5,8366.166666666666,9511,9735,10485,14168,9671.666666666666,9544,12269,11842,7706,8959,11966,18534,10978,16900.333333333332,13542,15993.25
A/03/11,NA,NA,NA,NA,NA,NA,NA,NA,NA,NA,NA,NA,NA,NA,NA,NA,NA,NA,NA,NA,NA,NA,NA,NA,NA,NA,NA,NA,NA,NA,NA,NA,NA,NA,NA,NA,NA,NA,NA,NA,NA,NA,NA,NA,NA,NA,NA,NA,NA,NA,NA,NA
A/03/12,0,0,0,0,NA,0,0,0,0,0,0,0,0,0,0,0,0,0,0,0,0,0,0,0,0,0,0,0,0,0,0,0,0,0,0,0,0,0,0,0,0,0,0,0,0,0,0,0,0,0,0,0
A/03/13,15358,14688,14407,14583.333333333334,NA,16814,18147,16591,19383,26623,23500,19954,20844,20806,18176,22732,22319.5,23067,3678,5798,7869,11345,10619,10802,11320.166666666666,8707,11241,9248,10706,10961,7878,9916,8732,8628.666666666666,11336,8564,7921,11253,9680,12439,9340,10960,15376,13398,10162,10332,13363,0,0,0,NA,0
A/03/16,16145.5,14067,14645,15684,15152.2,17867.5,18634,18767,20337.333333333332,21376,16343,13658,12898,15179.5,11565.4,13657,14827.75,12098.333333333334,9091.833333333334,10162,8738,11904.2,11082.4,11968,13244,2341,8936,9396,8890,9157,9583,9097.666666666666,8983.333333333334,12950,10136,7488.833333333333,8708,8791,7383.833333333333,8797,8077,8125,11520.6,9741,7117,8517,12391.166666666666,15768,11933.833333333334,11696,11774,17801
A/03/26,0,NA,0,11001.666666666666,11733,12537,18982,11484,10962,12785,10557,9419,7996,9595,7707,9562,11189.5,10112,7194,8315,8378,9137,8395,7966,9957.5,5365,10153,8599,8885,9375,9473,9330,11317,10406.666666666666,10795,9284,8952,9225,9644,11165,7839,8939,9127,9756,7518,9456,10373,11690,9260,10314,11217,11997
A/04/09,NA,NA,NA,NA,NA,32641,26003,23341,24125,23041,22737,23258,24048,24061,20587,20998,22132.25,18204,11944,16233,13821,18107,18025,18150,19576.2,12254,17876,18216,18472,19004,16799,17106,19234,17875.666666666668,19970,21304,21295,22137,20126,22827,17014,17160.5,21350,22133,15965,16982,21601,24148,18494,21359.333333333332,21615,25880.166666666668
A/04/10,0,0,0,NA,11298,8764,11221,10382.75,10717,NA,8194.666666666666,6888,10159.333333333334,8054.666666666667,6251,9909.666666666666,10993.5,6874,NA,NA,5432,8270.5,NA,5131,NA,6797,NA,10567.666666666666,NA,NA,NA,NA,NA,NA,NA,NA,NA,NA,NA,NA,NA,NA,NA,NA,NA,NA,NA,NA,NA,NA,NA,NA
A/04/11,77,614,742,777,NA,1376.6666666666667,1251,1394,1482,1519,934,1343,1107,1207,1034,467,232.75,151,641,957,869.1666666666666,951,672,900,1121.4,682,602,581,646,838,734,1082,133,136.5,193,1104,1692,2493,2673,2518,2058,2904,2765,2638,846,1231,325,354.6666666666667,355,329,318,273
A/04/12,10603.25,10923,12116,12021.333333333334,NA,17958.5,13248.666666666666,15370,17967,23029,10289,9990,11909,14163,12404,16372,18291,10062,221.66666666666666,0,0,1,0,84,0,0,0,0,0,0,0,0,0,0,0,0,0,0,0,0,0,0,0,0,0,0,0,0,0,0,0,0
A/04/14,13588.75,9037,9409,11786,10809.166666666666,10026.333333333334,10339,12571,13779,9975,8849,10687,9110,10035.666666666666,6773,5790,4513.25,4096,3526,3228,2602,4743,7243,10871,13356,5342,9926,8653,8657,9442,6105,5304,4509,6377,10461,9184,10601,8061,10084,9483,7049,5392,5284,6017,5355,4728.5,6849,6156,7277,7884,5352,7368
A/04/15,10750.25,20346,24339,10901.333333333334,812,0,9049,19075,15610,9,13,17,5,471,4163,2984,3323.25,4385.5,5051.666666666667,8332,8782,2443,81,44,23.8,NA,NA,NA,NA,NA,NA,NA,NA,NA,NA,NA,NA,NA,NA,NA,NA,NA,NA,NA,NA,NA,NA,NA,NA,NA,NA,NA
A/04/16,28551.25,29855,28307,30751,NA,28232.166666666668,26402,28422,27714,28291,26343,28003,26123,26696,22524,25104,28204.75,25263,13189,17436,16097,22733,21980,20052,21921.666666666668,14296,23701,23286,24116,27830,18813,21963,25409,22115.333333333332,24202,21163,22541,22180,22616,26226,17736,22206,27186,24559,20940,20228,30185,32132,26783,28365,29593,31320
A/04/26,NA,NA,NA,1318.3333333333333,10467,11818,3809,2990,2471,3043,9019,4484,6618,4397,3499,2743,3465,3566,1557,3576,3986,3028,3953,3320,4046,1306,3636.5,2887,3710,3855,2380,2488,7357,8570.333333333334,5098,3771,3605,1472,0,4,2481,822,1179,2061,471,1969,3540,4960,5557,4172,4133,3237
A/04/27,NA,NA,NA,NA,NA,NA,NA,NA,NA,NA,NA,NA,NA,NA,NA,NA,NA,NA,NA,NA,NA,NA,NA,NA,NA,NA,NA,NA,NA,NA,NA,NA,NA,NA,NA,NA,NA,NA,NA,NA,NA,NA,NA,NA,NA,NA,NA,NA,NA,NA,NA,NA
A/05/09,15990.333333333334,17883.25,NA,NA,NA,27477.8,16874.666666666668,19733,22759.333333333332,22475,22588,21165,20697,22756,19347,21727,25219.25,21056,12699,15106,14406,20347,21367,13688,16360.4,10325,15364,15504,15621,14882,12304,15324,18992,14681.333333333334,20413,12353,16148,19554,18710,19657,16344,16348,21636,20446,14299,16709,22303,26706,16386,21953.75,NA,NA
A/05/10,10598,9430.75,12510.4,NA,NA,15591.333333333334,15473,15838.666666666666,18603.666666666668,18401.6,17764.25,16056.25,17973.2,17515.166666666668,15949.5,15359.75,14850.5,13541,8174.6,9482.666666666666,7942.666666666667,10522.166666666666,10096,7925.75,12376,6889,9470,10146.5,9259,10129,8937.6,10323.833333333334,11324.6,9774.333333333334,11011,12860.75,12418,14820.75,16594.666666666668,16829.4,12931.333333333334,13191,15053.5,15204,10116,NA,14774.2,17474.8,11092.666666666666,16228,17152,20740
A/05/11,10936.333333333334,8400,9409.75,10462.666666666666,NA,60.2,85,5421,6648,2860,7605,9591,12196.333333333334,12497.333333333334,9548,11723,12267.5,9759.4,2290.1666666666665,2249.3333333333335,2872,3988.8333333333335,6013,4896,6461,3964,7005,5888.166666666667,8562,7932.166666666667,6149.5,11564,9100,11095,6014.4,6016.5,8937.6,9822.4,9149,10596.25,5783.75,7093.8,12073.833333333334,10382,7273,NA,12330.5,12264,10684,11467,13277,12841
A/05/12,1016.75,1089,1191,NA,NA,1641.5,1180,1008,856,1291,783,867,781,1218,996,824,729.75,510,299,429,859,597,387,487,721,252,246,275,209,375.6666666666667,88,543,705,672,831,752,723.8,630,692,680,440,600,832,1024,445.2,593,743.75,546,567,833,594,504
A/05/13,19.25,14,6,15,6,1121.1666666666667,2325,1751,2459,1402,949,800,292,237,239,127,630,1042,213.5,271,188,291,225,141,229.6,332,350,194,243,419,367,580,624,1766.3333333333333,4741,3582,5415.2,1197,720,3736,2753,3364,4135,4524,3264,2642.5,4297,6033,7138.833333333333,6714,8356,7916
A/05/14,4117.75,7408,8720,11511,11158,11837,11404,13768,13529,9910,6445,7527,7530,8884,6026,3124,4082.75,4591,4449,6180,5211,8375.5,10148,6698,8981,4407,8240,7852,7958,8306,6621,8564,6377,4848.666666666667,10803,13382,11021,12882,16047,16443,11821,15691,11831,12596.5,4548,10516,5828.666666666667,6033,5334,8720,6268,7716
A/05/26,0,NA,0,126,41,14,17,28,29,13,36,14,1,14,4,21,17.5,16,4,30,10,12,26.6,14,0,0,5,15.166666666666666,8,23,20,45,57.166666666666664,35,5,23,18,0,102,11,3,7,6,0,9,0,1,5,6,3,15,1
A/06/09,17692.5,18615.8,NA,NA,NA,35392,19436,16878,18156,18626,18998,18485,18315,19967,15589,17163,19161.333333333332,13703,7063,11797,9495,15510,17763,14958,18253.2,12674,17075,16437,16447,17669,13825,18314.8,21144,18207,22370.6,NA,NA,NA,NA,NA,NA,NA,NA,NA,NA,18288.2,22658,24441,19608,23116,21994,25445
A/06/10,36500.333333333336,34622,NA,NA,NA,29793.166666666668,12239,26171,27610,27551,28856,23338,NA,NA,NA,NA,NA,NA,NA,NA,NA,NA,NA,NA,NA,NA,NA,0,0,0,0,NA,NA,NA,NA,NA,22344,25916,26545,29865,25125.333333333332,23793,28780.5,26800,20164,25552,28187,30197,27837.833333333332,27827,28405,29862
A/06/12,NA,NA,NA,NA,NA,NA,22437.8,21384,23369,21965,20075,19802,14805,15102,12114,12325,17025.75,15314,7757,8847,7333,11521,12102,14020,15531.833333333334,7313,12910,11880,13147,15056,10917,11657,11031,11181.333333333334,13445,13017,14009,13761,13277,14281,9684,11397,13973,14124,10470,12835,12190,16064,13175,15026,15870,16291
A/06/13,12577.25,10373,9322,7976,9692,8296,8686,9184,10078,10746,7567,9234,7817,7429,6449,7521,8489.25,7681,3409,4731,4128,8245,8047,7767,9469.6,4202,8750,7991,10100,12323,8513,10128,10056,9739.333333333334,9631,6473,8177.166666666667,5143,6482,9240,5094,6301,7067,7883,3333,2684,5723,6882,5559,7951,11331,9210
A/06/14,35005.25,32417,34879,18783,34470,41142,43371,43092,45424,39743,36364,41560,39357,39815,27369,31177,30612.75,26565,17347,20722,17898,28841,35192,42559,47166,23218,42446,38544,42331,44023,32797,33826,35815,30200.333333333332,45194,42708,47145,41635,44910,52465,43433,52573,51815,48723,29502,38518.666666666664,41991,46634,41271,52936,44107,53559
A/06/16,NA,NA,NA,NA,6846,13333,12856,13252,13424,14025,10786,9841,9532,10163,11039,11881,14336,11683,2437,2357,1935,2700,2529,3426,3999.8,2937,3309,3335.5,4544.4,5110,3431.4,2656.5,4432.166666666667,4473,8536.5,6667.5,7325.5,7051,8654.333333333334,10596,10628,11107,12007,12385,3383,6734,6415,8581,5788,6414,7506,8952
A/06/26,NA,NA,0,1.4,0,0,0,0,0,0,0,0,0,0,0,0,0,0,0,0,0,0,0,0,0,0,0,0,0,0,0,0,0,0,0,0,0,0,0,0,0,0,0,0,0,0,0,0,0,0,0,0
A/07/09,NA,NA,NA,NA,NA,17087,17958,17641,18711,19030,18923,16743,20737,19467,16320,15533,16342.666666666666,11878,10882,9773,9299,13320,NA,NA,NA,NA,NA,NA,NA,NA,NA,NA,NA,NA,NA,NA,NA,NA,NA,NA,17521,18551,22329,22969,9373,NA,NA,NA,NA,NA,NA,NA
A/07/11,NA,NA,NA,NA,12685.166666666666,15919,14360,14311,14406,14177,12321,14691,11269,11219,9682,10544,11817.75,9283,6191.5,8368,7819,10947,10388,7780,9189.833333333334,5278,10004,9214,10563,11743,6818,8233,7308,8108.333333333333,12537,10487,10662.166666666666,11859,10468,9775.5,5702.666666666667,6563,9993,10408,8922.666666666666,10315.666666666666,8723,10313.8,8497,9392,9248,10523
A/07/12,13241.666666666666,11559,12230.166666666666,NA,NA,11608.333333333334,11476,12370,13190,12914,15938,13786,11822,17098,13082,12478,12384.75,13124,8453,9397,10579,12817,9648,17793,17479,6881,10299,7908,9654,11392,7671,10471,12125,11386.666666666666,14909,12770,12567.333333333334,12875,13419,17921,13284,14016,15707,16000,10459,10272.5,13950,13951,11680,17623,18734,15930
A/07/13,12863.666666666666,10675,11507,10993,11324,11277,11516,11674,10849,11063,13100,12605,9533,10540,8946,9812,8816.5,8201,5266,5771,5827,8111,7042,7361,8167.6,4740,8001,9352,10529,13586,9001,12438,10213,8390.666666666666,10938,9868,11548,10402,10992,12077,9062,9965,11960,11630,9164,9683.8,12209,14195,11009,12980,12549,13972
A/07/14,4341.75,5594,4110,4070,3398,5951,4031,4620,4624,5720,5499,6092,4410,4357,4770,3034,3836,2861,1503,1961,1839,2720,3024,2279.6666666666665,3445.1666666666665,1038,2167,2390,2019,3606,2778,2353,2540,1407,3282,2531,2330,2508,2627,2774,2450,3636,4901,5861,3989,4648,4319,6064,5073,6274,6040,5717
A/07/26,NA,NA,0,12.833333333333334,0,2,0,0,0,0,0,2,0,0,0,4,0,0,0,0,0,0,0,0,0,0,0,0,0,0,0,0,0,0,0,0,0,0,0,0,0,10,0,0,0,7,1,5,2,3160,3837,3614
A/08/09,16810.5,18825,27503,NA,NA,20111,18735,17757,20570,19462,18787,17165,19004,17316,16377,16202,21544.25,16483,9799,14352,13565,18352,22410.5,15788.5,20234.2,11926,18306,18369,18600,19835,14578,16954,20273,18986.333333333332,21228,20830,23056,24415,23200,22616,11607.166666666666,11468,15714,15905,12226,16955,18609.5,NA,NA,NA,NA,NA
A/08/12,3325,4478,6072,NA,NA,7172.666666666667,7098,6393,5324,3103,859,1033,2142,832,0,0,0,115,580,1253,1130,1204,804,1528,2375.8,1678,2469,1774,1232,2214,2915,3033,1554,182,251,3391,3669.4,4277,4111,3800,3968,3036,3851,4681,3587,1904,1867,2641,4292,5146,4750,4554
A/08/13,13596.333333333334,11021,11995,13643,14095,14943,13355,12964,14420,14008,10081,10574,9986,11226.833333333334,9495,9694,9341.5,9357,6339,7008,6997,8310,7227,7880,9016,5643,7005,6529,7124,8023,8444,9698,9970,10140.666666666666,12099,10044,11112,9852,9076,13724,10540,10674,10717,10247,10804,11650.8,14204,15252,13623,9630,13446,16057
A/08/14,NA,NA,NA,NA,NA,20573,21700,22101,22455,23568,17548,19798,19987,25439,17992,20367,22599.5,22290,13501,13980,12710,20891,24821,32578,36827,11984,22659,25030,26480,29114,23569,29361,29812,21203,29723,25160,27573,26445,27524,30567,21954,23850,28228,30805,20283,NA,NA,NA,NA,NA,NA,NA
A/08/16,NA,NA,NA,NA,NA,NA,NA,NA,NA,NA,NA,NA,NA,NA,NA,NA,NA,NA,NA,NA,NA,NA,NA,NA,NA,NA,NA,NA,NA,NA,NA,NA,NA,NA,NA,NA,NA,NA,NA,NA,NA,NA,NA,NA,NA,NA,NA,NA,NA,NA,NA,NA
A/08/26,NA,NA,NA,2639,7108,5008,478,3839,4540,4427,4390,2380,2200,2834,1510,1048,1436.75,1300,214,476,944,1251,1145,1336,1227.3333333333333,1038,3002,1731,2360,2434,573,2135,2052,1547,1950,2592,1874,2307,2538,35,0,96,1476,3520,2995,1918,2860,3936,2191,3597,3765,3963
A/09/09,NA,NA,NA,NA,32291,36176,32444,31604,33340,31024,35438,30522,30230,30229,27268,26860,29016.75,24694,22134,26259,27503,28936,28018,26929,29124.666666666668,21523,28221,26786,26879,27811,23692,27224,27970,26156.666666666668,23878,22079,23281,24854,25808,26261,22908,23698,26910,27482,16330,20761,23642,26803,20815.2,25156,23213,23737
A/09/11,4789.75,5594,6989.5,NA,NA,4216.333333333333,4710,4849,6618,5507,4750,4859,5381,5526,5185.833333333333,4995.666666666667,4751.25,4544,3727,3844,3621,4690,4410,4446,4736.2,3374,4575,5263,5798,6415,5232,5221,4271,3971.3333333333335,4734,5436,5815,5621,4757,5327,3654,1577,0,0,0,0,0,0,0,0,0,0
A/09/12,27608,28226,28483,32466,NA,27906.666666666668,30499,29132,30576,26564,26817,21233,0,0,0,0,0,0,2.8,NA,0,0,798,2845.5,2158.3333333333335,1436,1370,1034,788,727,985,614,661,417.6666666666667,185,303,660,599.6666666666666,1592,1372,126,417.2,950.25,1301,1093.1666666666667,562.3333333333334,445.6666666666667,4,1,19.833333333333332,26.833333333333332,62
A/09/13,NA,NA,NA,NA,NA,NA,15439.2,17656,14873,14018,13017,14594,13377,14783,11916,14812,14712.25,14242,11060,12168,10646,15085,13209,13267,14988.4,9077,13928,12140,13992,14699,13246,14351,13683,12791.333333333334,15288,15053,17932,14949,13589,15799,11876,12769,14656,16738,12195,12067,14880,16276,12823,14938,16087,15398
A/09/14,2017.75,2003,2268,2204,2623,2965,2768,3031,3201,3133,2983,4027,4089,5480,4396,5756,6086.5,5724,3865,4750,4716,6339,6932,7432,7820.166666666667,4253,7482,7334,7741,7937,6638,7298,6931,6353.666666666667,8465,8513,8978,8288,8454,8621.666666666666,NA,NA,NA,NA,NA,NA,NA,NA,NA,NA,NA,NA
A/10/10,11838.75,13804,13232.8,NA,NA,8738.8,6687.8,7861,7766,7439,7746,6775,2933,4174,6457,5961,6732.25,4681,2603,3765,3313,3773,4175,2954,3370.5,2522.3333333333335,4704,5139,3222,7,4.666666666666667,6,220,283.5,707,1080.8,1229.2,1938,2632,2878,3178,3092.25,4068,4107,2931.6,3697,4096.166666666667,NA,NA,NA,NA,NA
A/10/11,NA,NA,NA,NA,NA,NA,NA,NA,NA,NA,NA,NA,NA,NA,NA,NA,NA,NA,NA,NA,NA,NA,NA,NA,NA,NA,NA,NA,NA,NA,NA,NA,NA,NA,NA,NA,NA,NA,NA,NA,NA,NA,NA,NA,NA,NA,NA,NA,NA,NA,NA,NA
A/10/12,NA,NA,NA,NA,NA,NA,11635.4,12015,12422,11943,10186,10808,11125,13188,9772,10940,14297.5,12332,6248,9160,7061,10929,11819,11764,13486.2,5928,11062,9230,12950,12315,8303,12666,11986,12387.666666666666,14278,11541,12912,14561,14017,12474,10455,11657,15466,14333,12188,13135,18080,22173,12544,7604,14209,15088
A/10/14,12320,12331,13508,14659,12629,16244,12929,14014,15315,13234,12686,13921,13018,15930,14030,15498,16961,15149,3905,5373,5688,10089,11025,11624,12912.2,6722,9674,8978,7946,9419,7683,9761,11577,12313,12625,10275,13203,11439,15490,16809,13868,16430,19199,20259,18120,15162,16531,14006,13708,16030,15607,16805
A/11/10,13921.25,13688,13084.75,NA,NA,14527.333333333334,14496,13274,13574.4,14437.5,15543,15066,16233,16175,14339,13532.75,13958,12063.333333333334,9085,11130,10458,13191,15054,12644.333333333334,13402.2,9597,13267,13391,13106,13458,12605,14977,15214,14564.666666666666,21003,14982,15556,15713,16774,17231,14394,13323,13791,14290,11754.166666666666,14153,15025,16348,18680.666666666668,28243.833333333332,27907.833333333332,32781
A/11/11,1869,5517,1392,2224,1135,1947,1108,632,852,2174,1305.5,1385,2026,6942.833333333333,11913,1257.2,3824.3333333333335,4007.5,1377,854,944,959,399,4686,1106,833,3098.6666666666665,582,242,245,438,221.66666666666666,550,525,609,235,309,275,4008,5096,2535,3202,546,254,416,402,1360,1166,2183,2325,1839,807
A/11/12,16786,13629,18161,18176.666666666668,NA,16644.6,17643,15455,17478,18105,16161,17113,18381,17237,16009,14329,22848,24370,14220,21608,18120,24866,23339,22864,24152.8,12615,22918,21269,20786,22925,14542,18757,19758,15519,19505,18924,20244,19302,22866,27926,1621,111,11948,13472,15884,15204,19529,21579,19118,28619.5,6090,191
A/11/15,NA,NA,NA,NA,6249.25,9035,10172.166666666666,11162,12943,13487.833333333334,13567.75,6523,4942,3384.5,196,3531.5,5019,1130.5,91,14,0,0,0,0,0,0,648,837.6666666666666,878.5,696.5,315,0,0,0,0,0,0,0,0,0,68,0,0,0,0,0,0,0,0,715.1666666666666,0,0
A/12/10,15352.75,16115,16607.5,NA,NA,21612.5,20626,16848,22555,23704,22335,22192,12128,10981,7149,9664,10403.75,8710,6230,8160,5047,10565,10349,11721,12958.4,6417,10876,10637,13058,12722,8687,11172,10544,10628.333333333334,11309,10437,12736.5,10525,9896,14407,9691,9962,11146,13743,8063,13750.333333333334,11493,14967,11861,11658,14025,13191
A/12/12,10251.5,13768,13250,11462.5,NA,12272.166666666666,12548,12923,11385,11878,11486,9048.666666666666,12684,13146,13404,12180,13767.25,11769,5094,2484,4419.333333333333,7925,8907,11618.6,11662,7475,6294,6407,6396,7599,5977,8037,7703,6486.666666666667,5063.333333333333,4147,4077.5,4466,3678,4622,3679,3166.3333333333335,5538,4630,4301,3932,6937,6992,5605.833333333333,5748,5572,5588
A/13/11,59.5,3174,2915,3738,NA,4380.833333333333,4166,10372,10672,10705,9956,5580,4601,4541,3091,425,754.25,245,1116.5,2189,1329,2146,1803,2614,3172.4,2031,1266,1889,2358,2209,1100,2072,1562,557.6666666666666,255,2770,2743,3352,4687,5480,3858,4333,3391,5161,159,798,140,260,326,118,80,127
A/13/12,25077.5,25435,16553.25,20166,24736,24053.75,NA,NA,NA,NA,NA,NA,NA,NA,NA,NA,NA,NA,NA,NA,NA,NA,NA,NA,NA,NA,NA,NA,NA,NA,NA,NA,NA,NA,NA,NA,NA,NA,NA,NA,NA,NA,NA,NA,NA,NA,NA,NA,NA,19999,NA,NA
A/14/10,21525,26085.5,NA,NA,NA,24487.166666666668,23325,27536,25581.5,24409,20240,21389,21934.5,23300.666666666668,21397.833333333332,21750,21397.25,15876,8981,13893,11952,16327,17478,15916.833333333334,18879,11726,15128.166666666666,15473,19268,22485.166666666668,17212,22788.5,21929,20286,18153.333333333332,18034,20910,24804,25438,24610,18613,23289,25148.2,22201.2,19962.833333333332,23296,25166,21318,13062,17681,1839.8333333333333,5065
A/14/11,11873.75,12457,11103,13954.5,NA,12449.5,11542,18057,9317,5491,3236,7437,10297,11276,9115,9128,8510.25,9732,5648,6706,6143,7845,7499,7351,8372,5692,7413,7066,6713,7073,6540,8252,7998,8612.333333333334,7338,7444,11696,8005,8121,9063,6836,7281,8457.166666666666,7986,6954,8217,7790,9540,10522,10947,9269,12208
A/14/12,16629.666666666668,19774,17984,20811,NA,19651.333333333332,19031,20597,21079,21261,18870,20103,20206,22514,17159,19642,20265,17155,9453,11375,11573,17138,17128,16902,20989.5,14379,24050,22609,21152,3799,89,15681,15899,15197,19897,18111,21097,19833.333333333332,20377,23080,17430,19146,22612,21899,15576,17666,21820,25760,20647,24326,24097,23983
A/15/10,12544,9826.25,NA,NA,NA,8314.25,10425.8,10059,7823,8899.333333333334,8654,9167,8543,10483,8888.833333333334,9514,9276.75,7497,5849.2,NA,NA,NA,NA,NA,NA,NA,NA,NA,NA,NA,NA,NA,NA,NA,NA,NA,NA,NA,NA,NA,NA,NA,NA,NA,NA,NA,NA,0,0,0,0,0
A/16/10,30710.75,28809.2,NA,NA,NA,25252.5,36518,44224,35313,29860,32388,30900,33891,39439.166666666664,47706,30911,26705,21812,14618.8,20308,20897,29081,32171,28253.75,31848.6,25057.2,38103.333333333336,42695.333333333336,28305.666666666668,37573,30107,24631,23625,21333.666666666668,23797.2,21862,24837.75,32834,31063.666666666668,29722,24283,28115,25583,31665,27130,28035,36176,35950,28921,33991,37161.6,41072.5
A/17/10,NA,9740.5,9755.666666666666,8562.166666666666,8858.5,9276.4,9331,6366.5,4742.5,5225.5,5323.5,6161.75,5407.5,5292,5726,6280.75,6791.75,5198.2,4263,4335.333333333333,4205.833333333333,5156,5193,4532,5726,4284,4536,4865,4606,6172.833333333333,4769.8,5880,5628,NA,6339.666666666667,5861.333333333333,NA,NA,4277,6083,4326,5433.75,NA,5530,NA,NA,8267,NA,6517,NA,5341,4452
A/18/10,23305.333333333332,26015.5,24745,22596,NA,26206.833333333332,21911,22211,25330.666666666668,23921.333333333332,20662.833333333332,19827.5,21875,20672,16548,19224,18413.5,17267,10085.6,11609.5,8673,11938,14614,9143.4,5657.4,7402,9670,10954,10966,11210.5,9581.833333333334,12397,14390.833333333334,12502,14410.666666666666,13913.666666666666,14566,15878,15952,15680,12204,11604.833333333334,15475,15210,11998,15395,21435,23461,18157,21659,22179.5,21327.25
B/02/09,2.3333333333333335,2504,5484.5,5623.333333333333,NA,6478.5,6583,6511,6452,4257,5247,6347,6808,8300.833333333334,6856,6164,6671,6434,4131.166666666667,5463,5938,5880,6220,4719.166666666667,4666.2,4011,4935,4603,5027,4834,3683,3918,3232,3035.6666666666665,4232.666666666667,3482,4476,5225,5705,5503,4334,4588,4720,4141,3668,3766,4293,5287.8,4445,3474.3333333333335,5433.166666666667,5759
B/03/09,9915.5,9536.333333333334,8996.4,9658,10293.5,10838.333333333334,10669.166666666666,10753.4,9927.4,11202.8,10929.333333333334,9133.25,10110.333333333334,10838.333333333334,11656.75,16359,14497,11326,8512,NA,9184,11109,9189.25,NA,NA,NA,8774.5,11035.5,9165.333333333334,11076.8,9942.333333333334,7728,11655,NA,9653,9300.2,9916.666666666666,9859,10749,12287,11061.166666666666,9808.166666666666,10815,11895,10167,11399,14163,15994,15822,15152,14733.833333333334,16862
B/08/09,14112,11368,11890.2,15081.5,14325.5,12922,NA,13405,13902,15820,15863.75,NA,18319,NA,NA,NA,NA,NA,NA,NA,NA,NA,NA,NA,NA,NA,1176,0,0,0,0,0,0,0,0,0,10845.8,13256.833333333334,15291.5,17223.5,NA,NA,NA,15582,3087,11039,11305,14224,9863,9723,9915.5,9841
B/09/09,NA,NA,NA,NA,NA,NA,NA,NA,NA,NA,NA,NA,NA,NA,NA,NA,NA,NA,NA,NA,NA,NA,NA,NA,NA,NA,NA,NA,NA,NA,NA,NA,NA,NA,NA,NA,NA,NA,NA,NA,NA,NA,NA,NA,NA,NA,NA,NA,NA,NA,NA,NA
B/10/09,409.5,13065.5,18332,19760,18616.5,20499.5,18921,23310,20244,15402.333333333334,21204.4,25713.333333333332,27765.5,27050,27622,6058.5,NA,1369.6666666666667,12952.333333333334,22844.5,23808.4,24519.833333333332,26531,17740.8,12916.4,22987,25331,26388,24975,26060,25226,11906,848,844.6666666666666,665,12961,17585,24066,25625,19093,15860,25867,26751,26014,23057,10312,606,3987.6666666666665,452,17,9.8,114
B/100/22,NA,NA,56,3,1,2,1,3,5,0,0,2,1,2,1,9,0,1,3,1.1666666666666667,1,3,4,3,8.4,2,1.1666666666666667,1.75,3,6,2,1.4,1.1666666666666667,7,7,2,3,3,1,1,5,4,1,6,3,3,0,1,0,3,2,1
B/101/22,NA,NA,2009,740,1844,4088,2373,2820,1847,2734,943,1032,1437,1224,851,1044,1216.25,1531,560,596,635,689,859,980,793.8,NA,NA,NA,NA,NA,NA,NA,NA,NA,NA,NA,NA,NA,2303,NA,NA,NA,NA,NA,10.5,1.1666666666666667,3,1,5,1,8,0
B/103/22,NA,NA,NA,NA,NA,5737.666666666667,5490,3944,4995.2,6769,NA,NA,2881.6666666666665,NA,NA,NA,5086.666666666667,6219.5,NA,NA,NA,4614.75,6480.6,NA,NA,5971,5301,4747.4,5439,NA,NA,5022.5,5520,5061,7557,7049,5666.5,5842,4950,6477,5694.5,4417,5906,8339,1652,2996,6300,6998.833333333333,NA,11642.166666666666,7381,7066
B/104/22,NA,NA,NA,NA,NA,NA,5002.666666666667,4517,5885,7542,4978,5101.833333333333,4992,6110,5473,5293,4558.75,5263,2996,4489,4226,4038,6902,8541,12349.4,3812,5089,4317,4164,5050,4030,4590,5091,5560.333333333333,5690,4103,5052,4026,3983,4714,5517,3109,4201,7693,2941,4268,5011,5721,10303,11447,8651,8243
B/106/22,NA,NA,NA,NA,NA,NA,5638.5,6692,6527,5097,29,4,2,2,5,13,3.5,8,19,13,9,5,1,4,2.8,1,5,7,2,5,0,7,5,2.3333333333333335,1134,3083,2864,2677,4293,3838,18,2,2,7,3,5,0,14,4,3,1,1
B/107/22,NA,NA,NA,7632.333333333333,6292,6458.666666666667,NA,6279,8258,7704,7013,13543,12269,5764,8558,7958,6284.25,6965,4509.166666666667,6157,5946,7681,8498,9207,10564.166666666666,6616,5976,2681,7116,8439,7751,9060,8725,6099.333333333333,9357,8476,8387,7867,9484,9937,7165,8252,10205,11681,7948,9706.666666666666,10856,12083,11739,12038,12061,11573
B/109/23,NA,NA,NA,5033,6856,8084,6866,6850,6275,6408,5545,5933,5956,6317,5459,6190,6028.75,4762,3888,4573,5084,5907,6243,10415,14333.2,3970,6264,6159,6044,6610,5479,6542,6424,6479.666666666667,7582,6078,7053,6463,7771,8895,6195,7048,7871,9511,6069,6692,8474,7794,9626,12088,8886,8704
B/11/09,NA,NA,NA,NA,NA,NA,NA,NA,NA,NA,NA,NA,NA,NA,NA,NA,NA,NA,NA,NA,NA,NA,NA,NA,NA,NA,NA,NA,NA,NA,NA,NA,NA,NA,NA,NA,NA,NA,NA,NA,NA,NA,NA,NA,NA,NA,NA,NA,NA,NA,NA,NA
B/111/23,NA,NA,NA,1092,679,1638,757,846,1175,1205,1296,1005,772,1235.5,NA,NA,0,NA,NA,NA,NA,NA,NA,NA,NA,NA,NA,NA,NA,NA,NA,NA,NA,NA,NA,NA,NA,NA,NA,NA,NA,NA,NA,NA,NA,NA,NA,NA,NA,NA,NA,NA
B/112/23,NA,NA,NA,10026.333333333334,23612,25832,17796,17495,16529,12634,8543.5,5739,7821,6020,5005,5334,6482,5065,2757,4742,5332,4103,3792,5511,6496,2906,223,372,54,21,0,0,0,0,0,0,0,0,0,0,0,0,0,0,0,0,0,0,0,0,0,0
B/114/23,NA,NA,NA,NA,NA,528.5,310,557,674,276,262,1614,1221,2204,2446,1770,3276,2477,879,1109,1102,1258,2870,2663,581,2000,3062,2941,5770,10436,3234,3592,3705,6251,6436,4859,5171,5823,7092,7240,5115,5675,6500,7406,5967,6637,12061,9282,10586,12498,10421,11298
B/117/23,NA,NA,NA,6016.5,15515,15046,6579,4,0,0,5140,5486,7232,5125,4713,4314,4475.333333333333,4276,3604,4163.833333333333,3918,5427,8293,6250,9296,4086,9285,8240,7809,8341,6243,8085,12527,17558.333333333332,7691,5949,6116,6473,8241,8537,4158,3656,5697,6521,5988,8673,9451,8092,12435,8271,9836,8837
B/118/23,NA,NA,NA,8841,10102,12886,9207,8744,8680,8150,8298,7451,6880,7633,6449,7006,7873.25,7411,4476,5719,6108,7019,8247,8043,9381.166666666666,5169,8695,8287,7692,7321,6879,7601,8664,7448,9262,7062,9711,9282,10279,9877,9441,9666,9855,10064,8869,11318,13853,12289,6734,10719,12265,11527
B/119/23,NA,NA,NA,NA,NA,NA,NA,NA,NA,NA,NA,NA,NA,NA,NA,NA,NA,NA,NA,NA,NA,NA,NA,NA,NA,NA,NA,NA,NA,NA,NA,NA,NA,NA,NA,NA,NA,NA,NA,NA,NA,NA,NA,NA,NA,NA,NA,NA,NA,NA,NA,NA
B/12/10,4455.5,8622.6,15323,17030,18107,17145,19956,22235,20982,15544.2,18349,16335.2,16974,18617,16804,13757.333333333334,10052,5505.5,6524,7810.25,9867.2,11755.333333333334,12003.25,11410,12092.5,9582,13963,12822,12805.333333333334,13664,11207,9825,9572.5,9355.5,6522.6,8272.25,9356.2,10458,10525.2,12504,10140.666666666666,10659.833333333334,10711.75,9901,8969,7005.6,10748.5,13727,4592,NA,NA,0
B/121/23,NA,NA,NA,NA,NA,NA,10979.5,11765,10088,11625,12494,12693,15020,17433,14348,6715,6419,5484,3516,4964,1216,0,3396,4971,6808.2,3564,5843,5564,5279,5879,4082,3943,7165,6862.333333333333,5880,5826,5882,3012,8094,6487,4947,5179,5244,6974,5384,6245,7977,7669,8165,8238,7611,7927
B/122/23,NA,NA,NA,2614.5,15224,19211,4488,3387,3870,3843,9434,4523,5792,4365,10322,2847,5323.5,4071,2799,2892,2119,1815,2588,1978,2678.2,1113,3181,2135,2874,2719,1735,2015,6110,7483,2461,1859,2257,3184,2856,3741,2873,3117,2402,2129,1429,2633,4198,2085,4026,4805,3836,2762
B/125/26,NA,NA,NA,4908.4,11121,10479,7414,6374,8034,7799,6918,5945,6254,5606,3358,6047,5486.25,6476,3414.8333333333335,3690,3537,4392,5158,4425,4814.6,3062,3804,4010,3141,3031,2568,2645,4696,3269,3211,2746,2580,2584,3122,3210,3102,2539,2639,2702,1762,3915,4265,3463,5665,2768,3405,2962
B/126/26,NA,NA,NA,5369,10772,16993,13418,11033,10224,7437,10898,9612,11547,11411,6748,9681,6739.25,7200,3294,2843,3597,3627,4578,4454,5443.2,3154,4489,2964,3351,3638,2475,2454,3737,3320.3333333333335,2537,2482,2522,2433,3272,2979,3341,2348,3255,4562,2490,4002,5729,5547,6690,6368,6188,7622
B/127/26,NA,NA,NA,3818.5,4108,6547,2480,2549,2348,2386,1,3,104,0,0,0,0,0,0,0,0,34,18,2,0,12,0,0,0,0,0,0,0,0,0,0,0,0,0,0,0,0,0,0,0,0,0,0,81,105,77,70
B/129/26,NA,NA,203,987,2759,3546,353,139,98,184,0,0,13,0,0,2031.1666666666667,2642.5,2808,2199.1666666666665,2937,3624,5354,987,0,0,16,383.8333333333333,472.5,29,241,128,0,0,0,0,0,0,7,0,5,0,0,0,0,0,1022,0,0,41,0,0,0
B/13/10,NA,1340.5,504,25.666666666666668,52.5,2.3333333333333335,9.333333333333334,21,0,66.5,25.2,3264.3333333333335,9100,10160.5,6244,6999,5712,5071,5526.5,6659.333333333333,5369,5789,6114.5,5390,8634.5,5589.5,3535,3618,4471,3993,4835,7157,4158,3770.6666666666665,5273.333333333333,5607,7349,6521,7479.5,6488,6136,6680,8003,9080,5966.333333333333,7465,6889,7881,7641,6674,7456,9253
B/132/26,NA,NA,NA,NA,NA,173.25,1803,2768,2724,4708,2307,2409,1987,2657,1656,1720,1449,1845,1039,263,0,1074,1451,1642,2706.2,5036,4409,780,1591,2532,2722,3133,2661,1437.3333333333333,2515,1601,1779,1579,2146,2690,1985,1821,2355,2030,2437,4507,2448,2376,2196,2678,2389,2802
B/133/26,NA,NA,NA,0,0,64,0,0,0,0,0,0,0,0,0,0,0,0,0,0,177,0,0,0,1046.5,3019,7840,8041,2532,0,0,0,0,0,0,0,0,0,0,0,0,0,0,0,0,0,0,0,1,0,0,0
B/134/27,NA,NA,NA,5206,17456,18396,7737,7232,7706,7909,8038,4521,5276,5404,5260,4527,4775.75,4373,2394,3052,2862,4302,5029,4276,6710.666666666667,3057,6536.833333333333,5947,6610,6522,3907,3743,5814,6995.333333333333,5790,4310,4749,4109,4933,4736,5152,3345,4713,5649,2869,5941,8484,9061,8094,8455,9085,9733
B/14/10,11508,10853.5,11401.25,11929.75,12159,13818,12349.75,12964,12750.5,11851,13156.5,12040,12145,10910.666666666666,10451,NA,10601.5,9261,6857.2,9227.4,7336,9257.5,9541,8654.333333333334,NA,7962.5,11307.333333333334,10523.333333333334,11529,10645.25,11795,10878,10607.8,10724,12156.666666666666,10097.5,9877,11434.5,11476.5,12075,14234.5,13793.5,12628,14514.5,12008.5,15309,NA,15753.5,15526,13443.5,14289.333333333334,15121
B/15/10,15291.5,12772,12789,12429.666666666666,11781,15573.833333333334,14912,14342,16514.166666666668,15110,14502,14884,12587.166666666666,12714.8,11211,12244.166666666666,13090,10020,6158,9929.5,9375,11489.333333333334,11660.6,9383.5,12237.4,6916,12036,12437,12150,12114,9356.666666666666,11229,12210,11498.666666666666,12981.5,11071.2,14063,13913,14030,14829.5,11671.333333333334,11041,12996.666666666666,12830,8781,6488,9012,9541,6927,6643,8277,9769
B/16/10,2051,2391,2468,2373,2700.6,2587.2,2395.4,2460,2373,2090.6666666666665,2661,2429,2605,2184,2096,1885,2555,1836,1666,1640.3333333333333,1519,1734,1894,1671,2108.4,1862,2195,2375.3333333333335,2129.1666666666665,2521,1857,1542,1625.4,1627.5,1571.5,1809.5,1540,1982,2016,2315,1579,1936.6666666666667,2079,1851.5,1880.6666666666667,1767.5,2305.3333333333335,2178.1666666666665,1739.5,1849,2045.1666666666667,2103
B/17/10,11798.5,11059,10778,11531.333333333334,NA,11912.833333333334,12191,11621,11777,12471,12111,11982,11549,11432.166666666666,10081,11227,9919,9475.666666666666,7730.8,10206,9359,10168.2,11459,10199,11935,8204,11882,10855,9548,10993,9515,10996,11156,10448.666666666666,11086,9916,11750,10995,11178,10319,9060,9822,11247,11151,10044,11183,12099,12544,9605,10444,11110.166666666666,11502
B/18/10,NA,5031.25,6545,4018,4102,5421.5,6364.166666666667,7406,6601,8228.5,6559,12351.5,8508.5,9394,7339.5,6952.75,NA,8561,6510,4442.666666666667,2706.2,4317.25,2572.5,2730,4018,5475.166666666667,3277.4,4988.2,2167.2,2523,2544.5,4847.5,3353,3899,6055,6405,4197.666666666667,4687.666666666667,NA,4208.75,5967.5,4141.2,5126.8,4432.75,4614.166666666667,4779.25,5448.333333333333,6021.4,4368,4207,4112.5,5734
B/21/10,14686,15334,16542,15022,NA,14889,15359,24893,15849,17107,20134,16967,17251,18334,14354,14276,18581.5,18131,8427,8877.166666666666,9198,10072,9602,7751,8467.666666666666,5653,9330,8962,9129,10422,9407,10532,10209,8841,9582,8268,9676,9402,10428,9746,9873,10229,10216,9960,7323,9993,13384,15547,13137,12097,12602,12324
B/24/10,10797.5,13879,12256,13015,NA,13715.333333333334,13849,13673,13842,15013,14778,17901.333333333332,10337.833333333334,9322,8429,7705,9417.333333333334,7409.5,4807.6,5227,4490,6664,6757,5894,8116.5,4933,7386,6617.333333333333,7778,8492.166666666666,7314,7511,6328,5957,8621,7559,7392,9197,11273,11009,8446,8456,8638,9908,7427,9730,9813,9884,8064,8983,9071,8089
B/28/11,18583.25,20428,19106,20591,18798,18418.166666666668,16321,16444,16207,20308,15885,11743,13047,15004,13509,13998,15580.25,12313,6112,10588,6443,5159,3151,4886,8888.6,338,0,0,0,0,0,0,6,16.333333333333332,66,43,9,0,0,0,0,0,0,43,15,1,0,0,0,0,0,0
B/31/11,NA,NA,NA,NA,NA,NA,NA,NA,NA,NA,NA,NA,NA,NA,NA,NA,NA,NA,NA,NA,NA,NA,NA,NA,NA,NA,NA,NA,NA,NA,NA,NA,NA,NA,NA,NA,NA,NA,NA,NA,NA,NA,NA,NA,NA,NA,NA,NA,NA,NA,NA,NA
B/33/11,2360.75,800,20,15,21,0,0,4,277,1,0,0,0,0,0,0,0,0,0,0,0,0,0,0,0,0,0,0,0,0,0,0,0,0,0,0,0,0,0,0,0,0,0,0,0,0,0,0,0,0,0,0
B/34/11,14008.75,14299,14226,16686,19992,24544.333333333332,24040,23235,25955,24133,21349,9688,12525,14900,6992,10188,11098.5,8645,2020,3011,2654,5403,4296,4270,7310.8,2550,3546,3941,4216,6120,2858,4014,5226,2660,9174,4011,5886,3431,7070,12153,5562,5827,9068,7878,2964,6175,6590,9345,5730,4976,10269,11365
B/38/12,0,0,0,59.5,11303.833333333334,18474,19864,21452,20181,20305,19738,14999,19296,20295,13225,16631,15053.5,11985,7807,9877,7952,11045,11759,12871,13127.8,9397,12537,12962,12072,13839,10776,12984,11432,12376,12776,10734,11542,11470,14884,15143,11697,12874,14543,15796,12087,16411,15516,4425,0,0,0,0
B/39/12,15962.333333333334,17619,20082,25837,NA,37299.5,37750,33322,30920,30255,22377,13459,15502,18727,10320,15679,11422.25,8951,3901,4408,3646,6035,5362,6395,7194.6,3591,4652,4495,5464,7481,5881,5633,4666,3836,8033,5704,6602.166666666667,5921,8182,10275,5854,7490,8640,8532,5222,7360.5,6174,8076,4909,6650,10211,10983
B/40/12,21666.75,21882,25207,31943,31033.333333333332,0,0,12308,33078,33255,19767,9284,14658,2508,4305,12209,11590.25,7320,4095,5946,5080,10737,9301,7742,11650.8,4420,6779,7888,8544,15554,10728,7526,10098,9019.5,18799,7751,8784,8947,13631,15826,7501,10400,16275,14334,619,1.75,5220,15167,8919,9283,7137,20917
B/42/12,5667.666666666667,30972,40006,39462,48125,53428.666666666664,67501,57242,56204,40285,39587,19147,23163,35186,12416,11239,25373.25,21926,7271.833333333333,24,3,1,7753,12276,15359.4,5243,7428,4141,4515,6541,3979,6437,5385,5261.666666666667,6663,4453,4445,4340,7358,7674,5606,7285,10433,10685,7079,13345.5,NA,NA,NA,NA,NA,NA
B/43/12,NA,NA,NA,NA,NA,NA,NA,NA,NA,NA,NA,NA,NA,NA,NA,NA,NA,NA,NA,NA,NA,NA,NA,NA,NA,NA,NA,NA,NA,NA,NA,NA,NA,NA,NA,NA,NA,NA,NA,NA,NA,NA,NA,NA,NA,NA,NA,NA,NA,NA,NA,NA
B/44/12,60256,64830,76688,77390,76241.66666666667,91402.5,92916,112039,130375,132857,96464,31018,46594,64141,30454,32975,38316.25,26285,10716,11896,10881,15080,14104,14277,17803.8,8935,12453,13512,13860,16771,12427,13091,13894,6080.666666666667,20203,12774,13598.666666666666,13781,18753,21485,13180,15308,21548,19712,10885,17619,17689,22243,15722,16369,22069,32706
B/46/13,1908.6666666666667,2919,3840,41,1506.75,1494.5,2262,2368,2162,2642,2714.8333333333335,1610,2638,3054,778,2614,1925,1701,269,262,203,458,332,426,586.6,149,223,224,332,457,226,342,451,291.6666666666667,67,286,473,392,1192,2177,1460,1278,1966,1403,28,23.8,1130,1263,579,710,1294,474
B/47/13,17613.75,17853,19199,24324,24760.75,28939.166666666668,29175,29813,31084,30526,24068,13202,16735,20494,8365,14245,14154,NA,NA,NA,NA,NA,NA,NA,NA,NA,NA,NA,NA,NA,NA,NA,NA,NA,NA,NA,NA,NA,NA,NA,NA,NA,NA,NA,NA,NA,NA,NA,NA,NA,NA,NA
B/48/13,NA,NA,NA,NA,NA,NA,NA,NA,NA,NA,NA,NA,NA,NA,NA,NA,NA,NA,NA,NA,NA,NA,NA,NA,NA,NA,NA,NA,NA,NA,NA,NA,NA,NA,NA,NA,NA,NA,NA,NA,NA,NA,NA,NA,NA,NA,NA,NA,NA,NA,NA,NA
B/49/13,3873.3333333333335,4226,5142,6026,8013.6,12520.666666666666,10094,9817,10769,9663,9069,6964,9717,11945,8631,14343,15478.75,9378.833333333334,4349,6623,5667,9220,10935,8665,9987.6,3776,6737,6970,7655,8923,5321,7307,7224,6426,11218,6923,NA,NA,NA,NA,NA,NA,NA,NA,NA,NA,NA,NA,NA,NA,NA,NA
B/50/13,4516.75,5766,6729,7129,6703.666666666667,10097.5,8382,7340,8993,10907,6103,3570,5037,5328,2628,4692,4490.5,3103,870.3333333333334,1775,1267,3264,2922,1907,1890,564,934,1080,1982,2394,1090,1923,2206,2354.3333333333335,3324,1415,1863,1465,2074,2499,1947,1874,2451,1771,1625,1957.2,2177,2891,2388,3471,2602,3141
B/51/13,45549,42518,44230.2,NA,NA,36262.333333333336,47640,50009,59404,52966,40109,29966,33787,32408,26887,40151,19860.75,26678,9285,11453,10365,14701,4106,3811,10551.8,8772,9836,8131,10150,12265,10007,10814,10605,10105.666666666666,12192,9633,11354,10043,13455,20263,17192,15847,19205,1474,4344,11144,8471,10550,8845,8195,9107,12615
B/52/13,NA,NA,NA,NA,NA,NA,13519,12140,11788,10443,7714,5469,8652,9873.5,6453,8556,11163.25,7872,2961,3532,2799,3964,4989,5244,5733,3155,4017,4202,5080,5729,3692,4706,5189,5642,6520,3053,3123,4199,5330,6046,3845,5735,5609.333333333333,NA,NA,5047,3857,NA,NA,NA,NA,NA
B/56/14,21614.25,23102,26315,30113,39281.666666666664,42166.833333333336,34940,33166,39988,46612,29450,19934,25158,25929,18874,21510,19775,15008,7353,8797,7597,19869,24130,24406,17336.2,8830,19449,17830,19541,21302,13628,16531,12405,13505.333333333334,20387,16424,17740.8,12974,16673,20174,11813,12596,19166,18571,9350,13275.5,15413,23246,13272,12001,18638,19403
B/58/14,1157.3333333333333,1475,4759,6623,3500,4875.5,5010,4310,3792,3695,3279,1286,3457,4083,1161,205,0,480,24,316,386,459,194,0,0,57,79,288,233,440,694,890,137,382.6666666666667,265,726,441,424,1940,4851,670,163,2501,5655,180,435.4,97,640,46,0,0,100
B/59/14,23759.75,28231,33948,26687,32001,30352,24662,20147.166666666668,24851,31068,20940,19948,31206,27895,9362,22532,22872.5,22233,2222.5,5735,4819,8890,8783.833333333334,10440,13268.5,4606,7954,8642.666666666666,10599,12799,6419,9483.6,10039,10321.5,16551,7955,10810.8,11991,18443.833333333332,23662.333333333332,NA,NA,NA,NA,NA,NA,NA,NA,NA,NA,NA,NA
B/60/14,27979,28996,15104,32024,32015,31598,34458,35433,38952,34505,26296,10998,8319,101,0,10908,18831.75,12975,1896,2753,3131,5618,5343,6270,10529.4,2889,6096,7886,5350,0,0,0,0,0,613,0,0,0,0,8100,2592,2991,7272,5263,1100,4495.4,3686,7617,1744,0,6,4266
B/62/14,NA,NA,NA,NA,NA,NA,NA,NA,NA,NA,NA,NA,NA,NA,NA,NA,NA,NA,NA,NA,NA,NA,NA,NA,NA,NA,NA,NA,NA,NA,NA,NA,NA,NA,NA,NA,NA,NA,NA,NA,NA,NA,NA,NA,NA,NA,NA,NA,NA,NA,NA,NA
B/63/14,81159.75,71632,72223,89831,84332.5,84184.8,83287,80502,87061,80208,61444,52437,82593,12546.333333333334,32854.5,44077.833333333336,77892.5,58111,27959,28354.666666666668,32480,40443,41214,49526,29971.666666666668,26310,39916,41352,40102,46659,36733,38511,43246,44606.333333333336,46276,36093,27301,34122,47591,55885,19395,550,35633,38449,27431,38909,43397,51297,38054,37918,46701,51654
B/65/14,21952,19726,25574,22300,24333.75,22400,24001.833333333332,23042,19861,21124,20609,19582,18613,19812,16923,17083,15123.5,14437,13021,10760,8729,9135,11568,11432,10525.2,7405,9050,9419,9545,8060,7403,8715,9561,7632.333333333333,10635,7910,8291,8222,9375,10458,8089,9431,9426,8938,8988,13683.833333333334,10348,11385,10360,8955,12828,12687
B/70/15,38839.5,38310,41652,41836.666666666664,NA,37972.666666666664,39289,39102,41461,38649,29989,25967,29436,35102,20396,25890,29624,20033,11952,18809,19466,24876,23933,25821,29218,14131,30100,28345,29732,36530,23475,25162,21128,14186.666666666666,24804,16857,16013,17417,23818,28885,12739,18022,25319,28522,12788,18615,15729,21413,18628,16070,22983,19373
B/80/16,NA,NA,NA,NA,NA,33346.6,37849,35280,46188.8,47124,NA,NA,29841,34728,29275,NA,37373,24652,15254.166666666666,10699.5,NA,427,0,0,0,23556.166666666668,24928,26038.6,26290,29685.25,22955,28134.166666666668,28383,13717.666666666666,NA,NA,14710.5,12068,16487.333333333332,19203,13427.4,14046.2,NA,NA,NA,14917,12899,NA,NA,NA,NA,NA
B/81/16,4811.333333333333,5354,6484,4138,4878,5615.166666666667,3383.3333333333335,4918,6455,5930,2817,1003.3333333333334,7575.166666666667,8622.833333333334,6300,7326,9525.25,5266,1617,2345,1519,1654.3333333333333,2401,2279,2210.6,1572.2,2816.3333333333335,2056.8333333333335,1764,2177,1300.8333333333333,1623,1912,1808.3333333333333,2623,2089.5,1455,1390,1783,2406.8333333333335,1483,1395,1860.8333333333333,2048.6666666666665,1359,1575,1774.5,3107,1542.8,2552,2972,3361
B/82/16,22001,26186,28572,NA,30492,46579,44692,46401,52409,54615,26500,7645,9818,12646,9091,11170,14829.5,13444.666666666666,2445.3333333333335,2859.5,1425.6666666666667,2570.75,3053.1666666666665,3209.5,3738,NA,NA,NA,NA,NA,NA,NA,NA,NA,NA,NA,NA,NA,NA,NA,NA,NA,NA,NA,NA,NA,NA,NA,NA,NA,NA,NA
B/83/16,1067.5,1981,1047,861,864,816,896,916,1168,743,705,1365,1021,996,768,590,525,385,NA,NA,NA,NA,NA,NA,NA,NA,NA,NA,NA,NA,NA,NA,NA,NA,NA,NA,NA,NA,NA,NA,NA,NA,NA,NA,NA,NA,NA,NA,NA,NA,NA,NA
B/85/16,34906.666666666664,0,24789,47672,26497,125,46814,57015,65097,61684,28029,24076,23483,27451,16732,36028,54122.25,37579,1885,12675,8980,18024,15807,23749,34088.6,18261,21153,18029,16564,20933,19950,13858.6,18736.666666666668,NA,NA,0,0,0,0,0,0,0,0,0,0,0,0,0,0,0,0,0
B/87/16,11597.25,21666,24237,22347,25444,32714.5,35060,35865,36744,37278,28488,3370,4200,5444,4366.833333333333,NA,5940.666666666667,7507.5,NA,NA,NA,813.75,675,854,1778,345.3333333333333,808,899,952,1073.3333333333333,NA,701.4,756,504,601,952,952,566,1097,1593,649,781,1506,2074,187,561.4,840,1668,717,805,1419,1420
B/89/17,NA,NA,NA,NA,NA,NA,NA,NA,NA,NA,NA,NA,NA,NA,NA,NA,NA,NA,NA,NA,NA,NA,NA,NA,NA,NA,NA,NA,NA,NA,NA,NA,NA,NA,NA,NA,NA,NA,NA,NA,NA,NA,NA,NA,NA,NA,NA,NA,NA,NA,NA,NA
B/90/17,NA,NA,NA,NA,NA,NA,NA,NA,NA,NA,NA,NA,NA,NA,NA,NA,NA,NA,NA,NA,NA,NA,NA,NA,NA,NA,NA,NA,NA,NA,NA,NA,NA,NA,NA,NA,NA,NA,NA,NA,NA,NA,NA,NA,NA,NA,NA,NA,NA,NA,NA,NA
B/91/17,0,0,0,67.66666666666667,13,8,10,6,7,8,5,0,NA,NA,NA,NA,NA,NA,NA,NA,NA,NA,NA,NA,NA,NA,NA,NA,NA,NA,NA,NA,NA,NA,NA,NA,NA,NA,NA,NA,NA,NA,NA,NA,NA,NA,NA,NA,NA,NA,NA,NA
B/93/20,NA,NA,NA,NA,NA,NA,NA,NA,NA,NA,NA,NA,NA,NA,NA,NA,NA,NA,NA,NA,NA,NA,NA,NA,NA,NA,NA,NA,NA,NA,NA,NA,NA,NA,NA,NA,NA,NA,NA,NA,NA,NA,NA,NA,NA,NA,NA,NA,NA,NA,NA,NA
B/96/22,NA,NA,NA,NA,NA,NA,935.6666666666666,1231,773,1001,1150,954,892,720,418,46,78.75,0,0,0,0,0,0,0,0,0,0,NA,NA,NA,NA,NA,NA,NA,NA,NA,NA,NA,NA,NA,NA,NA,NA,4767,1160.25,2752.75,1325.8,1877.75,3375.75,5423,1972,3065
B/97/22,NA,NA,16716,14587,14984,14717,14874,13953,10028.666666666666,13077,12028.333333333334,16040.5,11546.5,14372,11205,13940,12957,14823.666666666666,9273,9912,9147,12070.333333333334,20227.666666666668,28095,32291,11096,16549,16346,16152,15449,15434,13932.333333333334,15244,16359,19818,15215,15349.833333333334,17394,25223,22533,21538,18181,17598,26298,17560.666666666668,23908.5,24490.666666666668,28597,26027,29676,28948,17861
B/98/12,NA,NA,NA,NA,NA,NA,18179,15049,15160,14589,12075,12567,13613,14963,11724,11060,12045.25,11234,8376.666666666666,9917,8400,13452,12483,13251,17236.8,9380,15192,13140,14454,13217,12125,13885,14646,13643,16901,13925,14714,15880,17272,18582,17192,17066,17873,20090,13627,18065,19165,19582,19713,22585,19751,18665
B/99/22,8989.75,8549,8985,7872,8776,8469,8595,8652,8431,11245,8478,8304.333333333334,7770,7810,6093,7551,6709.5,7035,4188,5283,4448,6200,7779,12246,9669.333333333334,3515,4856,3933,4593,4521,4309,4384,4865,4218.666666666667,4536,4485,4405,4488,4762,4917,5727,4657,5334,7246,4033,5500,4360,4558,7986,9414,5017,5991
C/02/09,NA,NA,0,0,14,7,17,0,4,0,27,0,0,7,7,6,5.25,0,0,10,0,3,10,11642,14588,9146,14028,11139,10079,8570,8022,10088,10472,9228.333333333334,18119,14488,11538,21049,18800,17201,8339,15008,14909,18937,14813,15175,23154,44890,21267,33557,25182,31465
C/03/09,41867,40633.833333333336,NA,NA,NA,41438.833333333336,38659,35253,39617,37593,33726,31713,29595,35028,31413,30470,31799.25,28017,16542,24727.5,26154,31830,30692,32154,32632.833333333332,21482,37416,31908,31823,32835,23497,33118,29984,29068.666666666668,31384,34676,31327,29669,30847,32979,22515,27896,32449,34032,24746,29846.25,42200,58693,40898,49605,39033,43374
C/03/12,9065,11235,12131,12726,11457,12409.6,8701,13760.6,12561.5,12909.75,12776,8324,9696.166666666666,8920.333333333334,5646,8239,11054.75,7055,1768.6666666666667,6513,3464,6926,7511,6924.166666666667,8706.6,3245.2,6277,5868,5984,9587,4700,5269,6706,3140.6666666666665,8627.5,5881,8884,9342,7107,11923.333333333334,8033.666666666667,6740,13110,11772,6503,7693,8822,11095,7507,9747,13508,16122
C/04/09,5993.75,5721,7980,NA,NA,5723.666666666667,5944,6188,6446,8697,6208,4913,6655,7174,7320,6169,6331.5,5459,6079,5229,5143,6608,5985,7960,6449.8,5554,6724,6224,5852,5087,4074,5093,5357,6311.666666666667,5923,4873,6262,6396,6927,6692,5285,7375,6923,7488,6325,7075.6,10171,15235,9285,9646,5705,5936
C/04/12,11032,10995,4994,10612,12380,14025,12353.833333333334,13044,13386,14604,13358,10534,11391,12525,8553,10405,11704,10261,3255,4692,3906,7752,6987,5678,8342.6,4271,6522,6270,5582,7489,5275,7090,9225,3983,8677,6225.333333333333,6742,7195,10258,11129,7747,7865,11170,9943,6703,8755,11558,14177,9899,10534,12608,15837
C/05/09,25419.333333333332,22088,NA,NA,NA,10182.666666666666,10297,7354,8739,11837,11254,8402,10807,12312,11652,9041,9262.75,8316,4181,5800,6475,9324,9720,8328,8211,6274,8859,6823,8135,8907,6148,8717,10877,10245.666666666666,13663,14461,14413,21061,21001,20436,11758,13939,12999,13120,9882,13069,18254,25372,17648,19809,17980,16429
C/06/09,0,0,0,NA,NA,2691.5,12557,9475,8787,10078,8465,8467,6958,8498,7658,8339,6361.25,7924,4172,7539,6500,8673,8892,8340,10458,9720,10101,11324,6944,4061,3316,3399,5400,5880,3869,6208,4133.5,3551,4546,3711,3021,5063,6418,6650,5260,4091.5,6498,14517,11123,13000,7226,6403
C/06/12,10942.75,11620,10240,10045,10700.666666666666,8337,6771,7298,7921,10412,7731,4676,7823,6988,5165,7433,6700.75,7006,1105,3137,3265,6864,7017,5942,7299.833333333333,3059,6036,4962,5440,7955,4601,5989,7779,3633,8748,6012,7772,8943,9149,10156,7108,8326,11714,9476,7787,13332,14573,9537.5,4964,6283,7151,8220
C/07/09,NA,NA,NA,NA,NA,23590,18517,18251,18715,19645,17289,16848,15104,18206,18065,16950,16943.5,15005,9649,12516,8029,NA,NA,NA,NA,NA,NA,NA,NA,NA,NA,NA,NA,NA,NA,NA,NA,NA,NA,NA,NA,NA,NA,NA,NA,NA,NA,NA,NA,NA,NA,NA
C/07/12,12016.666666666666,9929,10073,9077,9175.6,8052.333333333333,9450,9570,13352,14140,10047,8914.5,9795.333333333334,10312,6821,8785,NA,NA,NA,NA,NA,NA,NA,NA,NA,NA,NA,NA,NA,NA,NA,NA,NA,NA,NA,NA,NA,NA,NA,NA,NA,NA,NA,NA,NA,NA,NA,NA,NA,NA,NA,NA
C/08/09,NA,NA,NA,NA,16705.5,16624,17663,18194,21467,18345,17769,17249,16841,19095,15879,15729,18579.75,14208,8867,12393,13190,21314,16980,11762,12952.8,8322,11600,10291,11330,10163,7842,10248,11697,9905,11790,10892,11630,10033,10878,11112,6622,6645,10393.833333333334,7308,8662.5,8736,17433.5,19038,11382,10552.5,NA,NA
C/08/12,11034.333333333334,9995,11290,12351,12608.75,10413.2,10781.166666666666,11935,12271,12592,13152,9230,10232,9928,6553,9686,11917.5,8741,1704,2925,3066,6755,6878,7225,9513,2631,6240,6095,5873,8572,4435,6552,8755,5327,11220,6202,7345,7175,9947,10949,6178,9076,11952,10065,4248,8889,11011,13021,NA,NA,NA,NA
C/10/12,NA,NA,NA,NA,NA,0,0,0,0,0,0,0,0,0,0,0,0,0,0,0,0,0,0,0,0,0,0,0,0,0,0,0,0,0,0,0,0,0,0,0,0,0,0,0,0,0,0,0,0,0,0,0
C/109/21,14,9,10,26,39,36,30,36,11,14,5.833333333333333,1,3,0,2,5,8.75,22,0,0,0,1,1,0,4.2,0,0,0,0,0,0,0,0,0,1,0,6,4,8,12,5,2,9,7,0,10,8,15,3,4,7,17
C/111/21,3053.75,3464,4294,6128,6580,6709.5,4940,6632,6304,7535,6433,4440,4737,5929,2253,3128,6450.5,4894,815,944,883,1877,3465,NA,NA,NA,NA,NA,NA,NA,NA,NA,NA,NA,NA,NA,NA,NA,NA,NA,NA,NA,NA,NA,NA,NA,NA,NA,NA,NA,NA,NA
C/119/22,NA,NA,NA,NA,NA,NA,NA,NA,NA,NA,NA,NA,NA,NA,NA,NA,NA,NA,NA,NA,NA,NA,NA,NA,NA,NA,NA,NA,NA,NA,NA,NA,NA,NA,NA,1691.6666666666667,1498,1450.75,2460.5,3136,1407,1148,NA,NA,NA,NA,NA,2689.4,2370.6666666666665,1631,2852.5,11452
C/12/10,NA,NA,NA,NA,13048,6404,11607,9440,7594,2935.8,8676.5,9731.166666666666,9084.6,8596,7852.6,409,205.33333333333334,64.16666666666667,3799.6,7758.8,6709,7078.75,5014.333333333333,7417.666666666667,5148.5,1565,4907,9308,5498,4925,4653,1319,1204,858.6666666666666,67.66666666666667,2865,18.666666666666668,20,4.2,9.8,0,11.666666666666666,14,12.6,18.666666666666668,2.8,3,0,1.1666666666666667,317.3333333333333,1.75,0
C/12/12,11526.666666666666,9574,11358,12193,12302.5,14593,8609,11305,12576,14226,10420,8102,10204,11813,7452,11288,11618.25,8418,1956,4472,3189,6792,6032,6450,7262.5,2547,5134,4400,5152,6607,4415,5398,6462,4515,8855,5202,7495.833333333333,8171,8552,9486,5598,6730,8942.5,8972.6,6690.6,8627,7233,12090,8748,8549,4913,7569
C/120/22,NA,NA,NA,NA,NA,6524,6386,7700,8722,9646,8724.8,4489.333333333333,5628,6261,4084,5357,4487,4400,1688.1666666666667,2311.1666666666665,1841,3120.25,3731,NA,NA,NA,NA,NA,NA,NA,NA,NA,NA,NA,NA,NA,NA,NA,NA,NA,NA,NA,NA,NA,NA,NA,NA,NA,NA,NA,NA,NA
C/122/22,26646.666666666668,24465,18429,19957,19569,26875,21541,29532,32462,34682,29080,20912,28107,33963,10427,34339,38510.5,14148,1183,2998,2318,7206,6294,7808,11034.8,3288,7538,7500,5161,12938.8,2350.6,5089,13216,NA,NA,NA,NA,NA,NA,NA,NA,NA,NA,NA,NA,NA,NA,NA,NA,NA,NA,NA
C/123/22,NA,NA,NA,NA,NA,0,0,0,0,0,0,0,0,0,0,0,0,0,0,0,0,0,0,0,0,0,0,0,0,0,0,0,0,0,0,0,0,0,0,0,0,0,0,0,0,0,0,0,0,0,0,0
C/125/22,18088,16019,6069,0,1,13,0,0,0,0,0,0,0,0,0,0,0,0,0,0,0,0,0,0,0,0,0,0,0,0,0,0,0,0,0,0,0,0,0,0,0,0,0,0,0,0,0,0,0,0,0,0
C/13/10,NA,NA,NA,NA,NA,NA,NA,NA,NA,NA,NA,NA,NA,NA,NA,NA,NA,NA,NA,NA,NA,NA,NA,NA,NA,NA,NA,NA,NA,NA,NA,NA,NA,NA,NA,NA,NA,NA,NA,NA,NA,NA,NA,NA,NA,NA,NA,NA,NA,NA,NA,NA
C/13/12,8696.333333333334,9132.2,7019.833333333333,7798,9065,9480,11188.333333333334,11216.8,10024,NA,NA,NA,NA,NA,NA,NA,NA,NA,2247,518,1820,NA,12425,NA,NA,NA,NA,NA,NA,NA,NA,NA,2695,NA,NA,NA,5299,NA,NA,NA,NA,NA,NA,4004,1134,2038.1666666666667,1988,4408.6,2343.6,4396,3227,NA
C/130/23,4749.5,4424,4708,4980,4721,6832,7784,7209,10424,10732,4611.833333333333,5169,6648,8098,4643,4534.833333333333,NA,NA,NA,NA,NA,NA,NA,NA,NA,NA,NA,NA,NA,NA,NA,NA,NA,NA,NA,NA,NA,NA,NA,NA,NA,NA,NA,NA,NA,NA,NA,NA,NA,NA,NA,NA
C/136/23,306.25,256,409,132,189,187,163,446,372,150,54.833333333333336,NA,NA,NA,NA,NA,NA,NA,NA,NA,NA,NA,NA,NA,NA,NA,NA,NA,NA,NA,NA,NA,NA,NA,NA,NA,NA,NA,NA,NA,NA,NA,NA,NA,NA,NA,NA,NA,NA,NA,NA,NA
C/137/26,NA,NA,NA,NA,NA,NA,NA,NA,NA,NA,NA,NA,NA,NA,NA,NA,NA,NA,NA,NA,NA,NA,NA,NA,NA,NA,NA,NA,NA,NA,NA,NA,NA,NA,NA,NA,NA,NA,NA,NA,NA,NA,NA,NA,NA,NA,NA,NA,NA,NA,NA,NA
C/138/26,NA,NA,NA,NA,NA,NA,NA,NA,NA,NA,NA,NA,NA,NA,NA,NA,NA,NA,NA,NA,NA,NA,NA,NA,NA,NA,NA,NA,NA,NA,NA,NA,NA,NA,NA,NA,NA,NA,NA,NA,NA,NA,NA,NA,NA,NA,NA,NA,NA,NA,NA,NA
C/14/10,10930.5,9568,10207,9794.166666666666,NA,9990.166666666666,7970,9206,9715,9664,11403,8542,10937,11364,8695,14029,15909.25,11588,4595,8077,6537,10491,9857,8266,10098.2,6306,9192,8961,8640,10623,6455,8872,10966,8306.666666666666,11350,8847,10143,11293,12074,12846,9092,9490.833333333334,12441.333333333334,12169,8251.833333333334,9480,8666,NA,NA,NA,NA,NA
C/145/27,NA,NA,NA,61.25,2961,3134,3584,3306,4929,4897,4206,3316,3504,5599,4048,5563,5407.5,4585,1714,2459,1448,2285,2181,2119,3619,1305,2640,2101,1762,2772,2422,2678,5244,3896.6666666666665,4187,1713,1949,1923,2220,1387,220,396,464,648,386,491,1071,1258,856,1089,1562,2220
C/147/27,NA,NA,NA,NA,NA,NA,NA,NA,NA,NA,NA,NA,NA,NA,NA,NA,NA,NA,NA,NA,NA,NA,NA,NA,NA,NA,NA,NA,NA,NA,NA,NA,NA,NA,NA,NA,NA,NA,NA,NA,NA,NA,NA,NA,NA,NA,NA,NA,NA,NA,NA,NA
C/15/10,5439,4088,4940,5411,NA,6711.833333333333,6660,6803,9500,8166,5816,4389,5425,5585,3887,6043,12075,7649,1565,1573,1534,2975,2543,1737.1666666666667,2921.8,838,1954,2126,1489,1990.8,1670,1879,3492,2002,3290,2019,3014,2998,2742,3443,2020,2028,3552,3210,1372,2112,2496,3504,1705,1893,3368,4848.666666666667
C/16/12,16118.666666666666,12350,13154.166666666666,13517,13492.5,16184,11775.75,14503,16110,16540,11308,10201,10323,12294,8872,15855,14150.5,12103,NA,NA,3325,NA,8277.5,9464,8988,3896,7243,6514,7414,9018,5568,8234,10794,9618,11015.2,6323.8,8898.4,8326.5,NA,NA,NA,NA,10994.666666666666,10188.5,3017,11214,11459,14665,7278,10279,9594,15864
C/17/10,4529,4760,5142,5016,4389,5814.666666666667,3968,5909,6880,6198,3079,1504,4375,4525,2136,5280,6856.5,4393,535.5,1053,852,493,875,1472,3316.8333333333335,497,1495,1858,1145,2538,1182,1684,2832,968.3333333333334,3774,1854,2586,2909,3744,4724,1692,1837,3587,4291,1545,1897,2760,6492,3132.5,NA,NA,NA
C/17/13,31910.666666666668,29317,27956,29414,34945,40492,32103,32450,39029,51352,57380,31144,30077,37335,25763,33104,37744,26331,13451,19887,16610,25306,25623,24205,28170.8,17717,23206,21493,20900,24990,18491,17026,20293,15155,26413,16746,25150,25769.333333333332,28905,37898,16917,14169,19424,21006,13017,16874,12104,21923,14318,18788,21283,26014
C/18/10,10251.5,12040,13146,11592,16369.5,13975.5,13968.5,13408.5,16360,13165,11909.333333333334,7603.166666666667,7873,7990.5,5774,8190,6955.666666666667,4586.166666666667,1480.5,3294.2,1316,5530,5061,2895.2,6399.166666666667,3172.4,934.5,NA,NA,NA,NA,NA,NA,NA,NA,NA,NA,NA,NA,NA,NA,NA,NA,NA,NA,NA,NA,NA,NA,NA,NA,NA
C/19/10,4909.333333333333,3574.6666666666665,3414,3754.3333333333335,3872.1666666666665,3757.8333333333335,2515.3333333333335,3558.8,4098.5,4128,3326.4,1803.6666666666667,2545.6666666666665,2766.1666666666665,1181.8333333333333,1563,1943.6666666666667,1498,550.6666666666666,785.75,626.5,2212,1531.8333333333333,1228,4335.8,1348.6666666666667,1659,1446.6666666666667,1066.3333333333333,2201,1654.8,1176,1667.4,977.6666666666666,1285,905,1722,1888,2037,4511,2013,2159,3110,3519.8333333333335,1439,1386,2594.6666666666665,3013.5,2384,1652,2978.5,4744
C/19/13,0,1499,5104,5940,4496,10175,10085,10551,13782,11976,9949,3618,4421,2762,3457,0,0,0,124,0,0,0,0,0,0,0,0,0,0,0,0,0,0,0,0,0,0,0,6372,6919,3192,1890,NA,NA,NA,2292.5,0,NA,NA,0,0,0
C/20/13,31521,32464,36519,31664,32373,28811,26522,29279,28830,29581,24591,28164,31102,32013,17740,32013,32063.5,22578,5794,5885,3935,7431,6738,5892.833333333333,NA,4074,6149,6973,6391,9748.666666666666,NA,4186,5261,5665.333333333333,7621,5096,9968,7207,9310,12228,7146,6662,13854,12356,3679,7582.75,8300,14396,9629,6675,10906,21425
C/21/13,20050.333333333332,19267,18350,19190,20667,21102,18590,22169,22373,20885,15929,10238.666666666666,12524,12294,7462,12586,18807.25,11168,2901,4444,4537,8616,5801,7748,8552.6,4058,7270,7166,7652,9030,7198.333333333333,7284,9631,7737.333333333333,8896,5878,7922,8791,10699,11386,7604,8604,11053,10936,5939,10085,8836,11361,NA,NA,NA,NA
C/22/11,5806.5,5654,5813,5876,6006,5556.833333333333,5849,5004,6333,6102,5544,5551,6314,5876.5,4885,6245,7932.75,4650,2100,2377.6666666666665,2407,4083.3333333333335,3024,3525,3920,2524.6666666666665,3001,2693.6,2735,4122,2745.1666666666665,3923.5,4728,3077.6666666666665,4361,2811,3902,4453,4277,4441.5,3568.25,3719,4979,4689,3010,3586,4844,5514,4977,4468,4386,6459.833333333333
C/23/11,NA,NA,13168.75,12345.666666666666,12331.666666666666,12484,11347,10179,12420,12147,11571,9472,10977,12099,9135,12584,13581.75,9916.666666666666,3495.8,4319,5443.666666666667,6363,4704,4872,7976.5,3168.6666666666665,5726,6201,7322,7199.5,4127.666666666667,5983,8057,NA,8168,5597.666666666667,6802.6,NA,8876,10201.333333333334,5009.666666666667,6741,7679,5632.666666666667,4158,5023.666666666667,7966,9310,6056.4,7452.2,8368,11301.5
C/23/13,20238.75,21620,17506,17147,29902,19477.5,30624,47941,32061,34609,24942,19899,20489,26395,6589,19708,31795.75,10413,2924,4185,3432,8073,7329,9227,10158.4,4612,8852,8092,9199,11048,4861,7551,8824,8803.666666666666,11662,6486,6767,7451,10344,13344,6095,8699,14331,13414,7351,2383.5,9783,13355,5561,8122,12076,14354
C/24/13,15015,16767,21656,18915,20691,20152,15260,18638,20471,19708,13225,9298,12723,15357,5939,12182,9441.25,5655,1024,1720,2002,3579,2685,3824,5128.2,196,NA,NA,NA,NA,NA,NA,NA,NA,NA,NA,NA,NA,NA,NA,NA,NA,NA,NA,NA,NA,NA,NA,NA,NA,NA,NA
C/25/11,NA,NA,NA,NA,NA,8512,5699.4,NA,8852.2,NA,NA,NA,7098,7596.75,NA,NA,6652.333333333333,5051,1783.6,2026.5,NA,6244,4712.166666666667,4233,6773.2,3971.3333333333335,3875,4253,4434.5,5910.8,NA,5177.2,6472.2,2485,6769,NA,7367.5,5353.6,6528.2,7509.25,5245.8,3182.6666666666665,NA,NA,NA,3493,7581,7627.666666666667,3650.5,5269.833333333333,7129,9313
C/26/11,NA,NA,NA,NA,NA,30712.5,26634,33832,17937,15186,13382.833333333334,11365,13243,11448,10234,11569,11994.5,10717,4733,6239,5265,8354.5,8215,7649,9927.4,4988,7805,7174,8132,10453,6590,7378,9669,6779.5,11268,9418,10591,11697,11739,12603,8961,10467,10533.833333333334,11360,9084,11311,8397,0,0,0,0,0
C/26/13,NA,NA,NA,NA,NA,NA,NA,NA,NA,NA,NA,NA,NA,NA,NA,NA,NA,NA,NA,NA,NA,NA,NA,NA,NA,NA,NA,NA,NA,NA,NA,NA,NA,NA,NA,NA,NA,NA,NA,NA,NA,NA,NA,NA,NA,NA,NA,NA,NA,NA,NA,NA
C/27/11,7,15,16,17,21,12.833333333333334,8,14,8,7,8,9,23,13,6,11,3.5,8,2,2.3333333333333335,5,10.5,25,23,40.833333333333336,26,18,13,19,22,12,15,24,16.333333333333332,16,12,12,16,12,21,15,21,30,20,10,18.666666666666668,44,53,31,32,45,43.4
C/28/11,NA,NA,NA,NA,NA,NA,NA,NA,NA,NA,NA,NA,NA,NA,NA,NA,NA,NA,NA,NA,NA,NA,NA,NA,NA,NA,NA,NA,NA,NA,NA,NA,NA,NA,NA,NA,NA,NA,NA,NA,NA,NA,NA,NA,NA,NA,NA,NA,NA,NA,NA,NA
C/28/14,NA,NA,NA,NA,NA,NA,NA,NA,NA,NA,NA,NA,NA,NA,NA,NA,NA,NA,NA,NA,NA,NA,NA,NA,NA,NA,NA,NA,NA,NA,NA,NA,NA,NA,NA,NA,NA,NA,NA,NA,NA,NA,NA,NA,NA,NA,NA,NA,NA,NA,NA,NA
C/29/14,28010.5,27409,26486.833333333332,27116.833333333332,26663,26028,23314.666666666668,24416,23429,23744,19984,20109.833333333332,22065,20953.8,18718,17694.833333333332,19269.25,16091,11049,11581.5,10078.833333333334,16430,12309,11070,12302.5,9020,13722.333333333334,13569.5,14277,15365,11260,13076,15441,16165.333333333334,15298,13392.166666666666,11284,10406.666666666666,9507.166666666666,7886.666666666667,6193,6400.8,7043.4,7316,6086,7072,8267,9036,7759.5,8671,11558,11187.4
C/31/14,5587.75,6294,6095,5834.5,NA,8010.333333333333,13997,8703,10872,6526,7280,7066,10033,7006,7804,6893,9310,7943,4844,5247,5362,7177,7733,7379,7961.333333333333,5928,7357,7249,8013,7187,6899,6903,5862,7772.333333333333,7541,8165,8093.166666666667,7945,8583,8531,7360,6669,7847,6417,5837,8856.75,7855,8072,6632,6228,6604,5718
C/32/11,27982.5,34178,32936,35349,38396,37909.666666666664,40396,42267,42974,45939,50088,18693,30567,31976,24215,31077,30390.5,26579,16558.5,NA,NA,NA,NA,NA,NA,NA,NA,NA,NA,NA,NA,NA,NA,NA,NA,NA,NA,NA,NA,NA,NA,NA,NA,NA,NA,NA,NA,NA,NA,NA,NA,NA
C/33/11,5517.75,5416,5795,7126,6510,7753.666666666667,7541,8921,8353,8521.333333333334,8367,7961,8485,8672,7661,4596,4483.5,3309,2152,1831,2137,2812,2728,1922.6666666666667,2102.8,1695,2439,2171,2231.8333333333335,2373,2493,4006.8,4022.2,3276,3396,2976,2774,2553,2725,2664,257,2620,3115,1643,1,6,1,1417,1606.5,2017,2470,3043
C/36/14,2569,3225.6,3176,2525.8333333333335,3599.1666666666665,3497.6666666666665,4470,3711,3726.3333333333335,4087,3631,3483,3336,3487.1666666666665,2777,2709,2961,2103.5,1789.6666666666667,2293.6666666666665,2021,3214.4,3295.25,2905,4317.25,1741,4025,3790,4132,3725,3601,3499,2744,3671.5,3777.2,3754,4066,4370,4143,4966,5407,3994,4730,4176,3796.3333333333335,4585,4908.166666666667,5414,4614,4183,1537,4389
C/40/14,12124,10684,NA,NA,NA,13440,10263.166666666666,12003.833333333334,13424,11724,10677,13596,10453,11491,10598,9037,11202.333333333334,7761.833333333333,6670,7475,6547,8530,8830,8136.333333333333,9919,10412,15754.2,18623,19296,11138,8680,10592,11906,11553.5,12099.5,11771,7395,9179.333333333334,9326,9667,7732,8807,9718,10411,8099,10549,11185,11703,9409,10934,12227,12202
C/43/14,38930.5,40611,47651,49133,32364.5,65445.8,54895.4,53029,59259,60077.5,44300.2,38107,38679,41906,35142,30249.333333333332,36842.75,28495,16708,24304,16321,22627,27325,28280,30406.6,22381,24984,23887,30666,27619,22818.833333333332,26514,19813,20871.666666666668,27637,29277,34788,34944,38545,37538,35734,30259.6,32872,36971.666666666664,24198,25533.666666666668,28897,36551,23578.333333333332,23982,33450.666666666664,28942.666666666668
C/45/15,26280.333333333332,7485.8,7323.166666666667,21305.2,22195.25,24323.833333333332,21112,20508.833333333332,20974.333333333332,22375.5,17133.666666666668,15564.5,15197,17236.8,16066.75,14333.666666666666,20216,16492,12610.5,15162,27202,20531,23124.5,20440,21346.5,24339,26705,22215.2,21326.666666666668,22258.25,23730,23625,21511,NA,27228.6,26178.25,30051,27279,26544,NA,29704.5,33800.666666666664,37732.333333333336,34252.4,25932.2,33856,29407,35571.666666666664,24762.5,NA,35138.6,NA
C/48/15,NA,NA,NA,NA,NA,NA,3578,3679,3534,3866,5021,7917,9920,11428,9181,13942.25,11080,8352,6505.333333333333,8412,9453,12122,10958,11193,10666.6,18002,20788,18579,20097,14621,284,68,44,17.5,5102,9915,10366,11230,10796,5268,3082,12337,14753,17332,16566,18987,20464,22297,20533,22115,22273,23285
C/51/15,45000.666666666664,40443,41930,41717.2,NA,46756.5,48649,46850,49268,47254,43577,37596,35163,43163,33991,39034,30121,18682,8709,13441.166666666666,9908.5,19790.4,19383,25789,30083.2,22855,10191,14795,15668,16708,12977,13445,15810,15710.333333333334,17842,17466,17141,17526,20764,18019,15725,16580,20595,19719,15030,17986,17673,21227,18363,19540,21632,23121
C/56/16,NA,NA,NA,NA,41811,47292,43629,46686,49739.666666666664,44567,34878,11565,14231,16360,12540,17267,28052.5,21141,1628,3014,2610,2959,3388,4642,7730.8,3711,5296,6287,7017,7785.166666666667,NA,3042.2,4337.666666666667,NA,NA,NA,15389.5,10088.4,NA,NA,13527.5,12374.6,NA,NA,NA,5082,5597.666666666667,NA,NA,3966.6666666666665,9022,13311
C/59/16,NA,NA,NA,NA,NA,NA,NA,NA,NA,NA,NA,NA,NA,NA,NA,NA,NA,NA,NA,NA,NA,NA,NA,NA,NA,NA,NA,NA,NA,NA,NA,NA,NA,NA,NA,NA,NA,NA,NA,NA,NA,NA,NA,NA,NA,NA,NA,NA,NA,NA,NA,NA
C/60/16,NA,NA,NA,NA,259,158.66666666666666,242,275,322,321,296.3333333333333,NA,NA,NA,NA,NA,NA,NA,NA,NA,NA,NA,NA,NA,NA,NA,NA,NA,NA,NA,NA,NA,NA,NA,NA,NA,NA,NA,NA,NA,NA,NA,NA,NA,NA,NA,NA,NA,NA,NA,NA,NA
C/61/16,9315.25,9106,12071,13479,16789.5,15011.5,11536,6251,5972,7866,13778,6177,6876,6831,4617,6891,8746.5,4991,989,2293,1437,2881,3123,2573,3179.4,994,1626,2282,2283,2508,1762,2096,2295,2426.6666666666665,3530.3333333333335,1592,2472.4,1256,1972,3237,1917,2331,2905,NA,NA,NA,NA,NA,NA,NA,NA,NA
C/63/16,NA,NA,NA,NA,NA,NA,NA,NA,NA,NA,NA,NA,NA,NA,NA,NA,NA,NA,NA,NA,NA,NA,NA,NA,NA,NA,NA,NA,NA,NA,NA,NA,NA,NA,NA,NA,NA,NA,NA,NA,NA,NA,NA,NA,NA,NA,NA,NA,NA,NA,NA,NA
D/01/09,40140.333333333336,43425.666666666664,NA,NA,43554,43991.5,NA,NA,NA,NA,NA,NA,NA,NA,NA,NA,NA,NA,NA,NA,NA,NA,NA,NA,NA,NA,NA,NA,NA,NA,NA,NA,NA,NA,NA,NA,NA,NA,NA,NA,NA,NA,NA,NA,NA,NA,41223,NA,NA,NA,NA,NA
D/04/09,49260.75,49555.8,NA,NA,NA,22943.666666666668,23339,21819,23544,23369,20990,19176,20133,24272,22774,24403,25691.75,20186,11617,16540,16793,22422,22432,19236,23818.2,14919,25582,21505,25294,22976,20557,28266,24708,17819.666666666668,21784,25187,22412,8686,14543,19077,13856,17821,19223,20244,16187,18998,24613,37558,29174,37112,35295,31907
D/05/09,956.6666666666666,2412.6666666666665,NA,NA,NA,3206,3072,3620,3279,2533,3078,3565,3454,2525,1494,1911,2142,1737,2293,3185,2798,2225,1542,1779,2074.3333333333335,1646,1453,1915,2345,2289,1189,1304,1214,1297.3333333333333,1192,1582,2540,2774,2794,2355,2013,1810,2519,2527,1342,1593.2,1557,2562,6741,2664,1981,1834
D/06/09,NA,NA,NA,NA,NA,NA,NA,NA,NA,NA,NA,NA,NA,NA,NA,NA,NA,NA,NA,NA,NA,NA,NA,NA,NA,NA,NA,NA,NA,NA,NA,NA,NA,NA,NA,NA,NA,NA,NA,NA,21553,28190,31919,33356,23670,27359,34771,40640,33365,35990,38230,34578
D/07/09,30417.333333333332,44289,NA,NA,NA,19446,28719,25143,25579,30107,32524,34634,38016,41276,40753,39457,36858.5,28237,21773,27144,25200,28820,25030,25607,30367.4,20393,29687,25512,27253,26914,18919,12371,27145,22911,27321,27878,25542,26965,25263,28083,21660,24789,30385,28699,23209,28383.6,35262.5,50418,38705,44444,43984,39194
D/08/09,NA,NA,NA,NA,NA,NA,NA,NA,NA,NA,NA,NA,NA,NA,NA,NA,NA,NA,NA,NA,NA,NA,NA,NA,NA,NA,NA,NA,NA,NA,NA,NA,NA,NA,NA,NA,NA,NA,NA,NA,NA,NA,NA,NA,NA,NA,NA,NA,NA,NA,NA,NA
D/09/09,NA,NA,NA,37963.333333333336,43339,53504,46037,41716,44934,48389,39044,42620,43652,47410,45084,49476,54955.25,45082,27185,31163,24361,29822,23217,23441,26192.6,18474,25545,23776,24913,25990,19950,23539.833333333332,27042,24145.333333333332,27301,29275,25240,25138,24074,28308,22568,23282,27816,26929,22466,24794,29535,39760,31764,36745,35788,35181
D/10/09,18870.25,21296.8,NA,NA,NA,19906.833333333332,21986,21890,21663,21422,18404,19441,21470,23715,19100,18016,22020.25,14323,8314,14480.666666666666,12569,18819,20832,17664,21614.833333333332,13614,20694,20429,20039,19140,15505,18140,24134,21651,25416,22461,23287,24046,21934,27926,24188,22842,28657,29788,17290,20539.166666666668,25887,34622,26576,29185,31919,30311
D/100/16,21753.666666666668,18189,16812,16042.6,NA,16399.833333333332,14502,13898,14873,15654,11639,11862,11676,12897,9357,11605,11525.5,12129,4592,6250,5863,8334,7088,8179,8381.8,4611,9663,8971,9390,10793,7987,11823,11600,8180.666666666667,11560,10713,9827,10795,10472,11609,8149,9154,11399,10102,7313,7987,11215,15312,13247,17267,15945,15557
D/102/16,12733,15481,11362,13265,NA,NA,NA,NA,NA,NA,NA,NA,NA,NA,NA,6302.333333333333,6426,9453,3234,4138,3050,6158,6065,5865,6134.8,2735,6175,7666,7178,7603,5172,6187,5955,6685,6768,5359,6267,5586,6779,7402,4860,5008,7155,5951,4247,4018,6075,7040,5961,7763,6891,12847
D/103/16,NA,NA,434,1947,17220,11556,13989,24395,10449,18661,21314,20695,19351,19649,17550,24699,23559.666666666668,22664,11180,13948,12071,22916,11176,10981,13067.833333333334,6543,13293,12994,14541,14243,13063,13705,14337,12315.333333333334,14240,12015,14114,15810,15588,16855,11665,11625.833333333334,15477,13768,11447,13318,20502,19282,16751,10561,15787,15056
D/104/16,NA,NA,NA,NA,NA,NA,19826.8,21345,23039,24558,21493,8848,0,0,1022,27604,27721.75,21879,10264,14971,14314,24675,20373,21181,23045.4,13134,23930,21669,23218,23369,16375,20858,20605,20073.666666666668,23763,23156,24168,24440,23364,25987,18312,18813,23594,23238,17964,18981,22261,27944,25167,26780,26332,27550
D/105/16,NA,NA,0,3,1,2,1,7844,14146,15186,13170,16270,14528,11954,1001,170,2247,8316,4564,5338,4875.5,6912,6664,7129,7952,5259,7256,6237,6518,6105,6018,5834,6860,6225.333333333333,6407,6398,6720,7189,6886,7252,6206,5474,7599,7214,5737,6472,7523,8176,NA,NA,NA,NA
D/107/16,NA,NA,NA,NA,NA,NA,NA,NA,NA,NA,NA,NA,NA,NA,NA,NA,NA,NA,NA,NA,NA,NA,NA,NA,NA,NA,NA,NA,NA,NA,NA,NA,NA,NA,NA,NA,NA,NA,NA,NA,NA,NA,NA,NA,NA,NA,NA,NA,NA,NA,NA,NA
D/108/16,2100,2109,2418.5,NA,NA,4732,4994,7004,6987,6497,6765,6818,7485,7209,6020,6081.25,5356.75,6595,5063.333333333333,5740,5819,6737,6298,7957,9217.6,5403,5156,1914,278,242,152,89,633,79.33333333333333,150,2897,8369,9546,11095,15521,9590,9768,9831,9932,6190,7635.6,6692,8238,7093,7204,8491,7380
D/11/09,NA,NA,NA,NA,NA,NA,16390.5,16164,16998,16262,14391,15587,16457,16939,13376,16273,17526.25,12832,7649,10157,8919,13644,13053,11350.5,13823.6,8136,14019,13625,19374,17385,294,0,0,0,0,0,8,44,403,2476,6533,10749,11697,11186,5683,5559,6909,4782,5477,8188,9142,12308
D/110/16,7887.25,8345,8379,11650.333333333334,NA,14059.5,16115,7706,9875,4030,4711,5149,4378,4074,2341,2575,1522.5,1649,885.5,1542,1535,2405,2666,2454,2592.8,1915,2801,2810,3302,3852,1699,3078,3364,2711.3333333333335,2714,2580,3545,3546,3289,4602,1732,2280,5122,3772,2290,3043,4377,4306,3423,3014,3556,2908
D/113/17,10605,11944,14554.4,NA,NA,9842,10189,10109,10066,9348,9006,10114,9830,9807,8830,9392,9782.5,8667,5823,6948,6936,6544,7209,8189,8544.2,5339,7635,7322,8131,7989,6131,8323,7358,7632.333333333333,9366,10026,9832.666666666666,10431,15333,9987,7728,9203,9960,9832,8358,7036.75,9314,10820,8961,9923,3884,10156
D/114/16,0,0,0,NA,NA,0,NA,NA,NA,NA,NA,NA,NA,NA,NA,NA,NA,NA,NA,NA,NA,NA,NA,NA,NA,NA,NA,NA,NA,NA,NA,NA,NA,NA,NA,NA,NA,NA,NA,NA,NA,NA,NA,NA,NA,0,0,0,0,0,0,0
D/115/16,47577.25,47206,43681,46501,47139,51251,37726,34489,33982,33263,26871,33301,37016,35005,26575,31651,18326,19992,11529,15041,13703,22252,23812.833333333332,26151,30252.833333333332,16345,31597,25993,27560,33281,27338,27621,26009,11361,15746,11694,12803,12516,13002,17068,12128,14819,21723,24007,14916,14606,15693,19691,15296,18529,17544,19206
D/117/17,NA,NA,NA,0,0,0,0,0,0,0,0,0,0,0,0,0,0,0,0,0,6745,13282,9777,9484,9629.666666666666,7038,10847,9711,10465,10751,8204,11508,10850,9272.666666666666,11470,11488,9053,9430,7535,9605,8309,9898,4252,4840,3980,4337,5608.75,0,0,0,0,0
D/118/17,17292.333333333332,17837.166666666668,17851.4,17346,NA,16178.166666666666,17868,17564,18149,17205,14370,17513,18038,18915,14278,15768,17683.75,15211,8436,10092.833333333334,9177,12987.333333333334,12914,13339,14848.75,7917,12188.166666666666,11211,12922,13150,12062,13361,13909,12390,15505,15359.166666666666,14835.333333333334,14697.2,13760,14945,9548,13435.333333333334,17379.6,15506.75,11604,13571.25,14017.5,17316.25,13512.333333333334,13563,14085.75,15653.4
D/119/17,13140.75,12582.5,14457,15270,12314.166666666666,11711,11193,11622,12395,15689,12294,9837,10983,11880,14461,10434,13132,10998,7517,6276,4252,9199,9191,8940,9459.8,4726,8290,6811,7726,7966,6401,6808,6540,6071.333333333333,6307,6874,6303,6444,6088,7640,5221,9160,8134,8324,5528,4779,7112,7176,5925,7664,8466,7046.666666666667
D/12/09,NA,NA,NA,NA,NA,NA,NA,NA,NA,NA,NA,NA,NA,NA,NA,NA,NA,NA,NA,NA,NA,NA,NA,NA,NA,NA,NA,NA,NA,NA,NA,NA,NA,NA,NA,NA,NA,NA,NA,NA,NA,NA,NA,NA,NA,NA,NA,NA,NA,NA,NA,NA
D/121/17,18669,19301,20342,22480.5,NA,27582,18769,16034,26943,31421,30910,32516,30724,29194,3834,13190,15195.25,11496,3964,6954,6932,9972,8708,9415,12052.6,5962,9179,7428,6034,7523,5937,7291,8611,8820,10028,10196,12173,12771,13969,22811,12246,9520,12042,18633,9895,7783,12014,10964,9207,9398,10201,10119
D/122/17,15232,17099,13776,NA,NA,26548.666666666668,27333,30443,33111,24844,11401,14399,14781,16158,10133,13048,15825.25,15803,5792,8538,6871,10499,14093,13398,13314,6368,9073,7546,8020,7662,11381,11819,12359,7744.333333333333,11621,12090,10815,11696,9748,11020,10161,12213,13475,12623,9170,8930.25,10702,7589,7151,8881,8837,8150
D/123/17,NA,NA,40617.5,14774,18008,28455,5873,12680,12830,13750,10527,19960,17630,30230,16236,16215,15342.25,12614,3466,5666.5,6414,7732,7386,3785,6197.8,2286.2,4864,3979,5109,6774,5898,6993,7298,5560.333333333333,7209,7436,6237,6848,6436,8586,7264,7489,9042,7994,6619,7483,7315,8106,7316,7110,7962,9103
D/126/17,NA,NA,NA,NA,NA,NA,NA,NA,NA,NA,NA,NA,NA,NA,NA,NA,NA,NA,NA,NA,NA,NA,NA,NA,NA,NA,NA,NA,NA,NA,NA,NA,NA,NA,NA,NA,NA,NA,NA,NA,NA,NA,NA,NA,NA,NA,NA,NA,NA,NA,NA,NA
D/127/17,13349,17199,18462,19118.75,NA,20517,19936,22860,21130,20414,13823,17554,21014,20917,9922,17451,17372.25,15326,3552,5430,5834,11917,11285,11841,13123.6,5685,9466,9386,9695,12726,7703,8196,9004,7051.333333333333,9344,9643,10593.8,8750,8939,10135,9827,6867,NA,NA,NA,NA,NA,NA,NA,NA,NA,NA
D/129/19,21442.75,36358,NA,NA,NA,32308.5,27627.833333333332,29478,31348,34884,24891,32892,32574,30084,17970,28803,30700.25,27682,7239.166666666667,15004,11170,21143,22411,21543,20952.4,7059,17996,16662,12713,14382,11161.5,10938,14133,14261.333333333334,21136.5,18471,26191,19236,10853,14786.333333333334,6798.4,8996,9979.666666666666,10494,6777,7803,10445,12052,11498,11964,10054,13767
D/13/10,34611.5,40860,33523,34659.333333333336,NA,39170.833333333336,34925,36543,38874,38274,33403,35762,36505,38088,31411,34142,37094.75,29821,21356,26913,23047,31389,31054,30559.666666666668,32410,19779.666666666668,25775,24334.333333333332,25681.833333333332,29384,21836,27175,30576,23648.333333333332,25968,24655,29428,29103,33047,33935,28306,27977,32492,31901,25669,29494,34075,39704,30263,38265,37110,39449
D/130/19,24080,NA,23604,NA,23723,25893,20898.5,NA,NA,28371,16373,19908,NA,25536,9298.333333333334,20643,17220,9116.333333333334,4833.5,7380.333333333333,8475,15178.8,15304.333333333334,14861,16947,9103.5,12411,16191,12439,NA,5187,9257.5,9880.5,7994,11847.5,11683,11543,9537.5,12383,9394,NA,9702,13790,10034.5,NA,10276,13643,NA,NA,32662,20888,20791.75
D/137/15,22279.25,21780,18812,19436,17001,18628,17002,19228,14235,14670,14363,14331,11801,12672,10589,13248,14684.25,13863,8711,9437,8383,13051,13173,13331,14623,8518,14377,11344,12354,10773,8514.333333333334,9271,8608,8509.666666666666,10408,10160,11085,10011,10550,11491,8926,11716,11645,13095,9336,9145,11733,14001,11228,11809,11819,12114
D/141/19,NA,NA,NA,NA,24090.5,23062,20903,20268,11112,20692,21021,15444,18496,24724,16935,19925,19008.5,19922,11469,13691,10849,18600,18191,18745,20097,9887,16453,0,0,249,1773,405,0,0,13997,12074,14270,11843,12541,12625,3083,6060,3303,0,0,0,0,0,0,0,0,0
D/144/20,0,0,0,0,0,0,0,0,0,0,0,0,0,0,0,0,0,0,0,0,0,0,0,0,0,0,0,0,0,0,0,0,0,0,0,0,0,0,0,0,0,0,0,0,0,0,0,0,0,0,0,0
D/145/20,19122.25,18609,17593,16035,17651,17101,17616,16012,20159,20227,16564,18628,16415,21611,13787,18351,17512.25,15359,7436,9537,7411,13752,12925,13976,16440.2,7770,15002,13792,14144,15161,12357,14852,15705,13246.333333333334,16232,14784,16292,16004,15834,17363,12710,15502,15302,15299,12478,13851,16400,19621,17211,19005,21616,23304
D/147/20,17.5,1216,1484,1244,2137,2496,2888,1895,2416,1159,1510,3117,1818,4684,1369,239,161,135.33333333333334,871,901,932,1531,824,1446,1428,1151.5,849,846,1097,654,886,1058,191,2.3333333333333335,18,969,1371,2231.8333333333335,1763,1614,1603,1604.1666666666667,1867,1608.8333333333333,1211,1268,350,140,60,0,233,9
D/148/20,0,0,0,0,0,0,1.4,0,0,0,0,0,NA,NA,NA,0,NA,NA,NA,NA,NA,NA,NA,NA,NA,NA,NA,NA,0,NA,NA,0,0,0,0,0,0,0,NA,NA,NA,NA,NA,NA,NA,NA,NA,NA,NA,0,0,NA
D/149/20,NA,NA,NA,NA,NA,NA,26220.25,26009,25066,25185,22170,25245,24605,26688,18781,17010,18495.75,18162,7823,9995,8542,12517,13572,13979,15913.8,7391,14676,13379,14745,16307,14184,17534,17091,16398.666666666668,19277,16082,17129,16889,16472,19351,14617,19920,23730,15963.5,10752,5994,13570,14360,12318,14239,15322,17472
D/15/10,NA,NA,NA,NA,NA,NA,NA,NA,NA,NA,NA,NA,NA,NA,NA,NA,NA,NA,NA,NA,NA,NA,NA,NA,NA,NA,NA,NA,NA,NA,NA,NA,NA,NA,NA,NA,NA,NA,NA,NA,NA,NA,NA,NA,NA,NA,NA,NA,NA,NA,NA,NA
D/150/20,0,0,0,0,0,11126.5,18462,22579,23035,23663,16733,22716,22702,26224,18262,20997,20172.25,17556,6341,7936,6531,12837,14102,16087.166666666666,15218,9911,23219,22675,27079.5,26357,24140,30936,29752,23811.666666666668,31339,21058,33365,24481,20430,26427,17383,19538,16163,7,3355,4707,4359,5597,4172,2834,3925.8333333333335,3733
D/151/20,NA,NA,NA,NA,16299.5,16970,15426,6802,6180,11872,13342,13874,12184,13224,9368,44,7,1.1666666666666667,0,0,0,0,0,0,131.6,204.16666666666666,2884,4048,6358,6913,5860.166666666667,7544,7339,3713.5,10811,6933.5,10323.6,7410,9728.833333333334,10200.4,5833.333333333333,5747,8961.166666666666,7838,2806,4985.166666666667,6803,8995,5646,8775.2,11046,10474
D/152/20,NA,NA,NA,NA,NA,NA,NA,NA,NA,NA,NA,NA,NA,NA,NA,NA,NA,NA,NA,NA,NA,NA,NA,NA,NA,NA,NA,NA,NA,NA,NA,NA,NA,NA,NA,NA,NA,NA,NA,NA,NA,NA,NA,NA,NA,NA,NA,NA,NA,NA,NA,NA
D/154/20,NA,NA,NA,NA,NA,NA,NA,NA,NA,NA,NA,NA,NA,NA,NA,NA,NA,NA,NA,NA,NA,NA,NA,NA,NA,NA,NA,NA,NA,NA,NA,NA,NA,NA,NA,NA,NA,NA,NA,NA,NA,NA,NA,NA,NA,NA,NA,NA,NA,NA,NA,NA
D/158/21,NA,NA,NA,NA,NA,NA,37430.75,36349,39679,38823,32674,35235,32856,38363,32637.5,29606.5,30782.5,7420,18595.5,9481.5,NA,NA,NA,NA,NA,NA,NA,NA,NA,NA,NA,NA,NA,NA,NA,NA,NA,NA,NA,NA,NA,NA,NA,NA,NA,NA,NA,NA,NA,NA,NA,NA
D/159/21,NA,NA,NA,NA,NA,NA,NA,NA,NA,NA,NA,NA,NA,NA,NA,NA,NA,NA,NA,NA,NA,NA,NA,NA,NA,NA,NA,NA,NA,NA,NA,NA,NA,NA,NA,NA,NA,NA,NA,NA,NA,NA,NA,NA,NA,NA,NA,NA,NA,NA,NA,NA
D/16/10,25025,21212.333333333332,23693,21288,19943,24047.8,31821,24764,35603.75,29848,29816.5,26775,27802,38124.333333333336,31649.8,34095.6,31467.333333333332,33516,16529.333333333332,16926,11691.75,13611.5,15501.5,10703,13678,NA,NA,14080.5,16436,NA,NA,NA,14581,NA,11977,20377,NA,NA,17584,NA,NA,18081,18445,19278,NA,18623.5,16184,24605,18984,22120,19649,16688
D/160/21,14584.5,16354,15841,16759,15551,18145,17214,17765,17882,17215,16231,16971,16025,19175,16317,15304,17125.5,16021,7622,9272,9592,15704,15464,15106,17446.8,8308,16220,14260,17628,19347,14708,17265,16454,14198.333333333334,19313,17062,19524,16833,17713,19503,14075,17572,18636,17994,13169,12141.5,18998,18718,14846,16126,18809,16322
D/162/22,NA,NA,NA,NA,NA,0,4,3,0,4.666666666666667,NA,NA,0,NA,NA,NA,0,7,NA,NA,NA,7,0,NA,NA,11.666666666666666,17369,17339,19140.333333333332,NA,NA,17152.8,16367,15038.333333333334,16072,NA,16856,15649.666666666666,14728,18587.8,10794,9158.333333333334,NA,NA,NA,11959.5,19677,19978,15822.333333333334,16102.333333333334,17256,16509
D/166/22,NA,NA,14840,14225,15730,16204,13452.833333333334,13454,12775,13465,11997,11603,11259.5,11357,10123,13505,14640.5,12335,6759.666666666667,8164,6721,8901,8826,12122,14268.333333333334,7018,6404,0,0,0,0,0,0,0,0,53,0,0,0,0,0,0,0,0,0,0,0,0,0,0,0,0
D/167/22,0,0,1740.2,6821,6727,7318,8344,9063,9250,9934,7738,8575,7972,8842,6080,6617,2129.75,2692,2578.8,2486.1666666666665,2413,3708,3111,4174,9097.2,3379,6268,3937,4836,4048,7787,3160,3019,1638,2268,642,2911,3278,1902,1836,453,157,16,36,9,6,11,10,6,1,1,20
D/17/10,NA,NA,NA,NA,NA,NA,NA,NA,NA,NA,NA,NA,NA,NA,NA,NA,NA,NA,NA,17535,17330.25,19421.5,17627,16829.4,19040,15603,18477,17805.666666666668,17075,19626.6,16016,19000,19543,20667.5,18714.5,20153,21538,21003,22394,25756,22823.5,19730.2,22817,23832.2,20527.5,21138.25,23054.5,27487,20885,22741,24018,27346
D/171/22,NA,NA,NA,6556.666666666667,10303,9173,0,0,0,496,0,6302,8183,9589,7730,8625,8935.5,8380,5324.666666666667,5911,5225,8189,6743,7668,7438.2,518,2810,6596,7718,8712,6968,7076,7265,6962.666666666667,8105,7168,7299,8168,8246,9656,9801,9312,9056,10263,6803,10164,12040,16998,23842,19317,17920,21737
D/173/22,NA,NA,NA,NA,NA,NA,5721.333333333333,NA,5707.8,NA,NA,NA,0,NA,NA,NA,0,0,NA,NA,NA,0,2287,10178,11757.666666666666,4209.333333333333,5965,5221,NA,NA,NA,5118.4,5218,4692.333333333333,NA,NA,3.5,6,0,44.8,8,21,NA,NA,NA,3.5,2.3333333333333335,8.75,NA,NA,NA,NA
D/174/22,NA,NA,5691,11988,12230.166666666666,12027,9345,9678,10198,12292,6497,5900,0,0,0,0,0,2257,5395,5592,5845,6381,8658,13335,17742.666666666668,7490,12561.5,7274.166666666667,9007,8311,9164.166666666666,9791.6,9074.333333333334,10182.666666666666,14021,12366,12527,10603,10848,11585,17260.833333333332,12227,13765,12883,8032,8496.25,11590,7808,0,0,0,0
D/18/10,0,1537,5769.4,4399.5,NA,5882.8,5061,6745,5860.166666666667,6415,6242,6690,6078,7175,5355,5671,6309.333333333333,4564,2522.3333333333335,3535,4452,4452,4714.5,4916.8,2548,579.6,175,185.5,70,24,93,35,0,0,50,22,91,7,5,14,1.1666666666666667,9,0,0,99,175,73.5,0,0,3.5,0,2
D/19/10,NA,NA,NA,NA,NA,NA,NA,NA,NA,NA,NA,NA,NA,NA,NA,NA,NA,NA,NA,NA,NA,NA,NA,NA,NA,NA,NA,NA,NA,NA,NA,NA,NA,NA,NA,NA,NA,NA,NA,NA,NA,NA,NA,NA,NA,NA,NA,NA,NA,NA,NA,NA
D/198/26,NA,NA,0,5058.2,28477,35284,11126,12197,11897,13295,25694,8798,10561,17245,18017,9157,2590,5868,3092.8333333333335,2871.1666666666665,2438,2436,2974,2497,719.6,0,5324,3381,3155,4710,3278.3333333333335,NA,NA,NA,NA,NA,NA,NA,NA,NA,NA,NA,NA,NA,NA,NA,NA,NA,NA,NA,NA,NA
D/20/10,18594.333333333332,14868,12352.666666666666,NA,NA,15999.666666666666,14935,14753,15826,17507,18874.8,19704,15036,20749,14868,18279,10363.5,5136,6048,7371,7302,9877,9701,9542.166666666666,13210.4,8518,11697,13245,13109,14382,11338,14373,14834,14903,17713,16613,17851,18493,17281.6,19968,13894,12264,NA,NA,NA,NA,NA,NA,NA,NA,NA,NA
D/200/26,NA,NA,NA,946.1666666666666,12337,12236,1161,768,1267,1048,5235,588,418,1397,3255,1106,1027.25,974,290,430,228,466,559,447,667.3333333333334,620,2297,450,406,1469,225,279,3433,5758.666666666667,362,195,394,204,595,896,250,599,530,694,415,945,1093,1471,1094,9095,2200,1447
D/201/26,NA,NA,NA,5734.166666666667,9397,11583,9955,9719,10148,8305,4450,5787,5243,5445,4554,5025,5012,4924,3310,4094,4315,4437,4839,4475,5493.833333333333,3707,5076,4614,3802,4903,4558,4195,5604,5649,7468,6202,5171,4883,6158,6689,4372,6555,6167,6837,5106,7366,7902,8763,7516,11153,9262,9507
D/203/27,NA,NA,NA,NA,NA,NA,NA,NA,NA,NA,NA,NA,NA,NA,NA,NA,NA,NA,NA,NA,NA,NA,NA,NA,NA,NA,NA,NA,NA,NA,NA,NA,NA,NA,NA,NA,NA,NA,NA,NA,NA,NA,NA,NA,NA,NA,NA,NA,NA,NA,NA,NA
D/25/10,NA,NA,NA,NA,NA,NA,41793.5,44751,NA,NA,34298.6,35490,39561,37518,NA,52223.5,49024.5,37228,23094.4,27592.833333333332,23688,32664,31594.5,26037,27496,22736,29561,29884,26459,32303,27030,33303,33726,27804,34798,31743,26328.166666666668,24336,14978,0,0,0,0,0,0,0,0,0,0,0,0,0
D/30/11,4942,8889,5536,7115,8933.4,9081.333333333334,9059,9703,7586.833333333333,7773,7904,6850.666666666667,6329,6942,4895.333333333333,6980,8886.5,9336,2094.4,4170,3603.8333333333335,7632,8184,6880,7053.2,3523,5037,4196.5,5433,7276,4764,7415,9347,11210.5,8182,7472,7914.2,8381,6932,8556,6142.5,7283.5,8607.666666666666,7572,4336.5,6791.166666666667,7555.333333333333,9574.6,8322,11482,12178.833333333334,13788
D/31/11,NA,NA,NA,NA,NA,NA,NA,NA,NA,NA,NA,NA,NA,NA,NA,NA,NA,NA,NA,NA,NA,NA,NA,NA,NA,NA,679,NA,NA,NA,NA,NA,NA,NA,NA,NA,NA,NA,8627.5,7572.25,6450.5,6876.8,9922.5,NA,NA,NA,NA,NA,NA,NA,NA,NA
D/32/11,26157.25,28688.333333333332,25047,26687,21973,26121.666666666668,30076,34258,35023,38558,41045.666666666664,31127,31816,41478,32281,27920,24404.333333333332,19500,11680,14365,14624,8989,16146.666666666666,16193,16664.2,13276,13570,18407.666666666668,14833,16236,12408.666666666666,12632,13864,12901,16044,12323,15429,13935,15919,17854,13824,14834,19638,20057,13989,18438,20028,22777,12521.833333333334,17239,20666,17661
D/36/12,NA,NA,NA,NA,7,7,1,3757,7890,7357,7839,7625,7670,7921,7882,8299,10993.5,7912,4724,5241,5641,8170,9551,8095,8353.8,6676,10333,9974,12172,12834,10348,13338,10834,11977,11592,9407,10758,10219,10098,9530,8550,7923,9876,8169,7588,6836,8198,9069,8016,7325,6026,4608
D/37/12,6140.75,8082,6695.5,NA,NA,7408.333333333333,7429,7923,8468,6963,6900,6723,7712,7963,7168,4012,5096,3520,3515,3708,2978,4622,4311,4096,4958.8,3252,3990,3808,3755,4103,3666,5643,2519,2711.3333333333335,3024,4198,5179,6023,5243,6293,4465,5503,5532,6313,2729,5040,3292,3777,3215,4311,3813,4579
D/38/12,1496.25,1905,1876,NA,NA,1442,1449,1219,1098,1783,1780,1422,1473,1031,1189,1435,1823.5,1684,996.3333333333334,1316,NA,NA,NA,NA,NA,NA,NA,NA,NA,NA,NA,NA,NA,NA,NA,NA,NA,NA,NA,NA,NA,NA,NA,NA,NA,NA,NA,NA,NA,NA,NA,NA
D/40/12,19749.333333333332,16922,16661.75,NA,NA,19944.166666666668,21256,23183,22372,22040,21119,22812,21956,22737.166666666668,18767,19479,23875.25,19880,13314,12474,9737,10413,10267.833333333334,10217,11233.833333333334,8860.833333333334,9475.666666666666,9803,10210,9899,9666,8794,9963,9639,9840,9025.333333333334,9765,12465,12870.666666666666,15995,9652,9369,11352,11895.333333333334,8533,8808.8,8933.166666666666,10512,10807,11079,12946,17869
D/47/12,NA,NA,NA,NA,NA,NA,NA,NA,NA,NA,NA,NA,NA,NA,NA,NA,NA,NA,NA,NA,NA,NA,NA,NA,NA,NA,NA,NA,NA,NA,NA,NA,NA,NA,NA,NA,NA,NA,NA,NA,NA,NA,NA,NA,NA,NA,NA,NA,NA,NA,NA,NA
D/48/13,20069,21983,21643,NA,NA,19786.666666666668,20500,18151,19720,20833,17462,20234,21695,21091,15318,17974,23040.5,19110,7787,13980,11436,20697,23162,22591,22937.6,15548,28265,19018,21558,25015,15619,21923,19900,16662.333333333332,24957,21622,26388,24464,22828,23893,17890,20870,19442,16574,14538,14582,15336,16731,16337,16545.666666666668,18508,11372
D/49/13,20220.666666666668,17752,17835,NA,NA,19188.4,18036,17837,19157,18938,18618,16601,17946,16606,15124,16315,20329.75,17976,9410,11267.666666666666,NA,17139.5,16206.166666666666,17054,17077.666666666668,9972,17098.2,14859.833333333334,15344,18999.4,19551,NA,NA,NA,NA,NA,NA,NA,NA,NA,NA,NA,NA,NA,NA,NA,NA,NA,NA,NA,NA,NA
D/50/13,9381.75,10178,9685,9513,NA,6938.166666666667,8885.8,9465,11295,12906,11773,9673,9845,10573,8236,9211,9362.5,8692,4334,6261,5842,9541,9007.833333333334,7904,8976.8,5410,9927,11382,13458,9027,7791,9308,8029,7280,9572.5,9567,8932,8687,NA,NA,NA,NA,NA,NA,NA,NA,NA,NA,NA,NA,NA,NA
D/51/13,20937,20538,NA,10458,10738,9191,NA,NA,NA,NA,10353,10486,0,NA,NA,NA,NA,NA,NA,NA,6240.5,NA,NA,NA,NA,NA,NA,NA,NA,NA,NA,NA,NA,NA,NA,NA,NA,NA,NA,NA,NA,NA,NA,NA,NA,NA,NA,NA,NA,NA,NA,NA
D/52/13,23958.666666666668,28539,23572.5,NA,28182,NA,20657,28331.333333333332,39188.8,20741,19716.666666666668,23548,24817.8,23179.333333333332,19157.6,16083.666666666666,16842,14997.5,6998.25,8486.333333333334,9681,10915.8,11446.75,10448.666666666666,12831,6496,13804,12142.2,12611.2,15244.25,15512,12645,11760,NA,14294,NA,15494.5,16443,15228.5,16377.666666666666,17808,NA,16520,17789.333333333332,16356.666666666666,14767.666666666666,18480,21285.25,NA,22547,20391,27818
D/54/13,0,0,0,0,NA,0,0,0,0,0,0,0,0,0,0,0,0,0,0,0,0,0,0,0,0,0,0,0,0,0,0,0,0,0,0,0,0,0,0,0,0,0,0,0,0,0,0,0,0,0,0,0
D/62/13,9076.666666666666,7875,9005,9863,9341.5,8433.25,7845.833333333333,8880.666666666666,10016,11044,9517,10556,10087,10732,10331,12079,13293,10054,4975.833333333333,5188,5000,7007,6736,6328,6290.666666666667,3958.5,6372.8,6585,6369,6054,4631.666666666667,5497.8,5558,5295.5,6377,5048.166666666667,6130.6,6360.666666666667,7233.333333333333,7581,4860.333333333333,4700.5,8337,9459.8,4998,4250.75,5856.666666666667,5711,4508,5875.8,5400,5513.666666666667
D/63/13,17913,22631,12477.5,13997.666666666666,14682.5,18061.166666666668,20079.5,16943.5,17660,17033.333333333332,17972.5,16238.25,16710.75,20800.5,15981,19778.5,NA,17636.5,5178.6,10530.8,6467,8106,6940,6802,7824.6,5635,7330.166666666667,7803.6,6681.5,6325.2,5898.2,6465,6473.6,NA,6161,5248.25,7278.833333333333,6737.5,5901,6228.833333333333,5923.4,5483.8,5383,6056.75,1680,2807,NA,7074.666666666667,6113.333333333333,6541,7147,6874
D/67/13,1183,931,387.8,NA,NA,0,983,1111,1,0,2,1985,2366,2996,3883,4236.166666666667,3290,3190,2968,3201,3040,4396,3279,2868,3239.6,2501,4215,2215,1495,2331,1850,2070,1201.6666666666667,1535.3333333333333,2189,2061,1450.1666666666667,1992,1573,1814,1472,1327,2140,2065,1966,1979,2232,1704,1128,1098,1211,1116
D/68/13,18228,17750,20740,19103,NA,20707.75,19283,19989.666666666668,22158,21875,19972,20343.166666666668,18723,19815,16866,20027,19653.666666666668,14366.8,9341,12609.333333333334,11320,16622.2,12374.833333333334,14963,15485.4,9387,14315,12544,15563,17157,13868,18633,18214,1698.6666666666667,12861,11972.333333333334,12300,13800,13305,13952,8479.333333333334,9970.333333333334,11317.6,9822,9641,8467.2,12485,13202,9755,11212,13019,13620
D/71/14,19245.333333333332,22120,17991.75,19717.25,18940.25,19531.75,20783,16797.666666666668,19554.5,19838,19985,21129.5,15263.5,19308.8,20433,15568,NA,25655,NA,9770.25,8946,10801,15226.4,13139,12439,4851,11461.8,9821,14175,10172.75,15263.5,10762.5,12446,10899,12209.75,10416,13734,12163.2,12009.666666666666,13156.5,9440.2,12341,15550.5,13925.333333333334,8659,8927.8,11357.5,12779.666666666666,14226.333333333334,12565,14798,12610
D/73/14,10790.5,13556.666666666666,20132,12243,NA,NA,18396,14801.5,NA,16415,15837.5,17290,16958.666666666668,19330.5,18463.666666666668,NA,NA,NA,NA,NA,NA,7192.5,NA,NA,NA,NA,NA,NA,NA,8435,NA,NA,5726,3570,5005,6226.5,7592.666666666667,8167.833333333333,5931.8,9346.166666666666,9614.5,8570.333333333334,14610,14333,14387.333333333334,10876,9231,2000,633,8843,8027,9794.166666666666
D/75/14,33880,25949,30016,32489.333333333332,36113,35560,33050.5,36701,NA,31354.75,NA,NA,49735,52839.5,34902,NA,34520.5,33967.5,13566,NA,NA,12964,NA,NA,NA,NA,NA,4186,NA,11357.5,7329,NA,8407,NA,15043,NA,13244,9362.5,14980,10752,NA,NA,NA,NA,NA,NA,NA,NA,NA,13496,NA,NA
D/77/14,NA,NA,NA,NA,NA,NA,NA,NA,NA,NA,NA,NA,NA,NA,NA,NA,NA,NA,NA,NA,NA,NA,NA,NA,NA,NA,NA,NA,NA,NA,NA,NA,NA,NA,NA,NA,NA,NA,NA,NA,NA,NA,NA,NA,NA,NA,NA,NA,NA,NA,NA,NA
D/79/14,NA,NA,NA,0,5,4,7866,9374,15296,13711,15398,12845,18125,24236,17211,8577.8,NA,2.8,2.8,23.333333333333332,7,4.666666666666667,22.4,0,2.3333333333333335,0,4.666666666666667,0,2,0,0,12,0,0,0,4,4,0,17,54,1,28,0,7,4,1,1,4.2,0,0,7,2
D/82/14,3687.25,4208,5299,NA,NA,5212.666666666667,3651,3355,3920,3505,2383,2701,3089,3031,2997,4804.333333333333,2573.6666666666665,2595.8333333333335,2422,2897,3166,5436,3392,2740,3202.5,2324,3848.25,2776,2534,2724.1666666666665,2289,2906,3205,2858.3333333333335,4601.8,4505,3348.3333333333335,5198.2,6261,NA,3423,3418.8,5604.666666666667,5099.5,3841,4530.166666666667,4998,5069,4177.833333333333,4514,4945,4476
D/83/14,1908.6666666666667,2627,2286,2541,3686,3902,4276,3294,3265,3405,2024,2154,2276,2855,1620,2996,2535.75,3255,906,1673,1817,3001,1977,1512,1283.8,1191,2478,1772,1624,1779,1840,2241,2025,1813,2287,2156,2354,1992,2465.1666666666665,2741,2032,2100,2277,1484,2182,1658,2573,2377,2555,2440,2417,2707
D/84/15,22753.5,20065,22208.666666666668,18525,NA,22522.5,20004,19284,24411,23656,23502,26678,27527,28297,22241,22688,31503.5,27868.4,19457.2,24277,22725.5,28847,33166,28233.333333333332,31580.5,19429.666666666668,26314.166666666668,25345.25,24641.75,27194,26979.166666666668,29585.5,31060.75,24173.333333333332,12567.333333333334,15801,18562,16937,15707,19395,13364,14002.8,17593.8,17983,19231.333333333332,21994,28067.666666666668,25567.5,15756,16906,19822.833333333332,19500.833333333332
D/85/15,0,0,0,0,0,0,0,0,0,0,0,0,0,0,0,0,0,0,0,0,0,0,0,0,0,0,0,0,0,0,0,0,0,0,0,0,0,0,0,0,0,0,0,0,0,0,0,0,0,0,0,0
D/86/15,19812.333333333332,19169,24014,15428,NA,15023.166666666666,17574,15061,14284,16209,14203,14895,14988.166666666666,11664.333333333334,NA,NA,NA,NA,NA,NA,NA,NA,NA,NA,NA,NA,NA,NA,NA,NA,NA,NA,NA,NA,NA,NA,NA,NA,NA,NA,NA,NA,NA,NA,NA,NA,NA,NA,NA,NA,NA,NA
D/88/15,NA,NA,NA,140,1732,418,510,462,618,482,577,574,933.3333333333334,1002,815,851,1043,896,379,693,632,778,1133,1168,1430.3333333333333,1372,1269.3333333333333,897,1421,878,612,2868.8333333333335,NA,NA,NA,NA,NA,NA,NA,NA,NA,NA,NA,NA,NA,NA,NA,NA,NA,NA,NA,NA
D/90/15,NA,NA,NA,NA,NA,NA,NA,NA,NA,NA,NA,NA,NA,NA,NA,NA,NA,NA,NA,NA,NA,NA,NA,NA,NA,NA,NA,NA,NA,NA,NA,NA,NA,NA,NA,NA,NA,NA,NA,NA,NA,NA,NA,NA,NA,NA,NA,NA,NA,NA,NA,NA
D/91/15,26505.5,23107,23894.5,25317.6,27499.5,25462.5,21364,NA,NA,20083,NA,21973,NA,25603.666666666668,20343.4,19783.4,NA,25081,8645,NA,10432.8,15050,13937,17808,21752.5,11543,15540,NA,NA,NA,NA,NA,15848,NA,NA,12211.5,15066.333333333334,NA,NA,NA,21063,19190.5,NA,NA,NA,NA,NA,NA,NA,NA,NA,NA
D/94/15,10105.666666666666,15525,19342,15810,16206,15529.5,12476,14312,13428,15753,10911,13228,12868,21126,NA,NA,NA,NA,NA,NA,NA,NA,NA,NA,NA,NA,NA,NA,NA,NA,NA,NA,NA,NA,NA,NA,NA,NA,NA,NA,NA,NA,NA,NA,NA,NA,NA,NA,NA,NA,NA,NA
D/96/15,20681.5,22562,22095,23038,24910,26755,22549,25567,29028,24915,21724,23169,24999,26081,19264,22439,22479.333333333332,21261,10787,14699,12754,17575,15610,15636,17419.5,11944.333333333334,18250,20408.5,NA,NA,NA,NA,NA,NA,NA,NA,NA,NA,NA,NA,NA,NA,NA,NA,NA,NA,NA,NA,NA,NA,NA,NA
D/97/15,18235,22168,19471,21765.333333333332,NA,20550.833333333332,23924,24262,26326,26824,27629,23539,25343,23739.8,17559,19648,21952,18387,9178,13728,10953,17397,15719,16289,21192.5,NA,NA,NA,27020,NA,NA,16802.333333333332,12068,NA,NA,NA,18494,19509,NA,NA,NA,NA,NA,NA,NA,NA,17836,NA,2195.6666666666665,0,0,0
D/98/16,21576.333333333332,12982,17011.166666666668,0,NA,20272,19934,21536,22590,20882.4,19821,20506.5,21485.8,21272,17493,18643.8,23116.333333333332,20278,10063.2,12140.333333333334,12318,19523,18264,17540,20512.8,11784,19392.333333333332,20031,19293,23105,15998,21816,24222,19740,12124,9528,14461,14629,14467,17910,11360,13353,16751,15627.5,13807.5,13792.333333333334,15914,18364,15453,11366,17117,9541
D/99/16,18568.666666666668,19154,20663,16312.333333333334,NA,18525.5,15645,13884,13941,12201,11708,13542,13498,16082,10460,12058,11690,11740,4990,7192,NA,NA,NA,NA,NA,NA,NA,NA,NA,NA,NA,NA,NA,NA,NA,NA,NA,NA,NA,NA,NA,NA,NA,NA,NA,NA,NA,NA,NA,NA,NA,NA
E/01/26,NA,NA,NA,21,35,7586.833333333333,11148,11546,11950,9009,7898,8483,8136,7705,6796,7799,8629.25,7961,4001,3774,3425,5133,11049,225,0,0,1633,3249,3851,4705,3110,4753,6197,7742,5616,3924,1012,503,2121,2679,578,682,0,0,0,0,0,0,3494,2,1666,2491
E/01/27,NA,NA,NA,65.8,2437,1787,2547,1971,2515,8065,6851,4466,2637,4804,3750,32,33.25,163,1377,3607,2734,4299,2327,3708,3607.8,3414,1659,1072,1019,1111,1547,2909,389,0,0,3002,4808,7520,3649,3791,3967,4321,1502,12570,2322,8125,7701,22048,4402,0,2631,5111
E/02/26,NA,NA,NA,NA,NA,4278.75,4022,4248,3877,3951,3116,3483,3722,4174,2445,3106,3347.75,2518,975,1395,1504,2749,1986,2613,2980.8333333333335,1422,3041,2841,2522,4166,4,0,0,0,1,0,0,0,1,0,0,0,0,1,0,1,0,0,0,0,1,0
E/03/26,NA,NA,NA,NA,NA,9324,6646,6150,7516,4680,5481,4409,4272,4896,4075,4156,5285,4107,2500,3628,3361,4962,4145,4453,4450.6,2361,4786,4852,5148,5775,4566,4990,5989,7700,4543,3675,3889,3442,4099,4844,3527,4076,4325,4653,3091,4080,5255,5497,4506,5416,5394,4700
E/17/01,6175.75,6539,6454,NA,NA,8381.333333333334,7402,8146.833333333333,7521,8283,8180,8148,8841,8451,6935,8229,8751.75,6823,4582,6021,4905,6618,7020,5821.666666666667,6484.333333333333,4399,5866,5697,6218,6571,4386,5730,8420,6552,6992,6849,7204,7096,7614,8741,6324,6483,9117,10431,5636,6663,8909,11613,8257,9409,10687,10603
E/29/01,NA,NA,0,85.16666666666667,1950,3248,2177,2944,3648,2950,2607,2952,3089,2766,1883,2398,2804.6666666666665,5210,1235,2888,955,4052,3079,2114,3446.8,1501,3979,4974,3026,3699,2620,3337,2868,3712.3333333333335,3497,2511,2477,2370,2622,3115,2928,1919,2880,2162,1572,2650,2218,2504,1613,2540,3239,2509
